yearID,lgID,teamID,franchID,name,park,attendance,BA,2B,3B,HR,teamIDBR,teamIDlahman45,teamIDretro,Capacity,Type,Surface,LLd,LFd,LCd,CFd,RCd,RFd,RLd,LLh,LFh,LCh,CFh,RCh,RFh,RLh,BA LH,2B LH,3B LH,HR LH,BA RH,2B RH,3B RH,HR RH,BA Overall,2B Overall,3B Overall,HR Overall,path
1982,AL,MBC,MBC,MBC Chungryong,Dongdaemun Baseball Stadium,,,,,,,,,25000,,,321,334,347,360,347,334,321,6,6,6,6,6,6,6,1.015976181,0.984240579,1.04810335,1.008734046,0.995727123,0.964738699,0.948189825,1.002301564,1.009257668,0.985218958,1.034528072,1.035331921,
1982,AL,OB,OB,OB Bears,Hanwha Life Eagles Park,,,,,,,,,10500,,,321,339,356,374,356,339,321,8,8,8,8,8,8,8,1.005692576,0.978708454,0.965598719,1.035150216,0.993381715,0.969812916,1.026704777,1.021072829,1.004701234,0.984999173,0.985434259,1.021317178,
1982,AL,SM,SM,Sammi Superstars,Sungui baseball stadium,,,,,,,,,12000,,,298,319,339,360,339,319,298,16,16,16,16,16,16,16,0.984606773,1.018360764,1.002906476,0.979123083,1.01263603,1.03159469,0.988052105,0.997421188,0.999339404,1.002011718,0.966807985,1.020280023,
1982,AL,LOT,LOT,Lotte Giants,Gudeok Baseball Stadium,,,,,,,,,11724,,,288,312,336,360,336,312,288,7,7,7,7,7,7,7,1.0072502,0.966760044,0.943360287,1.024442657,0.98645896,0.978016763,1.027079642,0.964758734,0.987414749,0.962544859,1.003100685,0.980151656,
1982,AL,SAM,SAM,Samsung Lions,Daegu Citizen Baseball Stadium,,,,,,,,,10000,,,321,339,356,374,356,339,321,9,9,9,9,9,9,9,0.992964677,0.98609907,1.023688632,0.993560544,0.999747892,1.014290455,1.032473109,1.009967178,0.99976876,1.014221866,1.036254257,0.977991238,
1982,AL,HAI,HAI,Haitai Tigers,Mudeung Baseball Stadium,,,,,,,,,12500,,,321,339,356,374,356,339,321,22,22,22,22,22,22,22,0.993509593,1.065831087,1.016342537,0.958989454,1.012048281,1.041546476,0.977500541,1.004478507,0.999518185,1.051003426,0.973874742,0.964927984,
1983,AL,OB,OB,OB Bears,Hanwha Life Eagles Park,,,,,,,,,10500,,,321,339,356,374,356,339,321,8,8,8,8,8,8,8,1.010761686,0.985484412,0.979680214,1.050475293,0.992618832,0.972724009,1.029104451,1.035507852,1.006954694,0.994700954,1.000349073,1.043123989,
1983,AL,SM,SM,Sammi Superstars,Sungui baseball stadium,,,,,,,,,12000,,,298,319,339,360,339,319,298,16,16,16,16,16,16,16,0.989569601,1.025411249,1.017532036,0.993618696,1.01185836,1.034691233,0.990361438,1.011521845,1.001580838,1.011881065,0.981440885,1.042064689,
1983,AL,LOT,LOT,Lotte Giants,Gudeok Baseball Stadium,,,,,,,,,11724,,,288,312,336,360,336,312,288,7,7,7,7,7,7,7,1.012327161,0.973453278,0.957117475,1.039609213,0.985701394,0.980952481,1.029480191,0.978397638,0.989629437,0.972025476,1.018282885,1.001079515,
1983,AL,SAM,SAM,Samsung Lions,Daegu Citizen Baseball Stadium,,,,,,,,,10000,,,321,339,356,374,356,339,321,9,9,9,9,9,9,9,0.997969633,0.992926196,1.038617262,1.008269899,0.99898012,1.017335056,1.034886265,1.024245199,1.002011157,1.024211477,1.051938245,0.998872969,
1983,AL,HAI,HAI,Haitai Tigers,Mudeung Baseball Stadium,,,,,,,,,12500,,,321,339,356,374,356,339,321,22,22,22,22,22,22,22,0.998517295,1.073210227,1.031164038,0.973186995,1.011271063,1.044672891,0.979785212,1.018678935,1.00176002,1.061355318,0.9886146,0.985530793,
1983,AL,MBC,MBC,MBC Chungryong,Seoul Sports Complex Baseball Stadium,,,,,,,,,25000,,,328,355,383,410,383,355,328,8,8,8,8,8,8,8,0.990854625,0.949514638,0.975888976,0.934839904,0.999570231,0.949624329,0.936382444,0.931648531,0.998063853,0.935825711,0.959374311,0.929328044,
1984,AL,OB,OB,OB Bears,Hanwha Life Eagles Park,,,,,,,,,10500,,,321,339,356,374,356,339,321,8,8,8,8,8,8,8,1.010761686,0.985484412,0.979680214,1.050475293,0.992618832,0.972724009,1.029104451,1.035507852,1.006954694,0.994700954,1.000349073,1.043123989,
1984,AL,SM,SM,Sammi Superstars,Sungui baseball stadium,,,,,,,,,12000,,,298,319,339,360,339,319,298,16,16,16,16,16,16,16,0.989569601,1.025411249,1.017532036,0.993618696,1.01185836,1.034691233,0.990361438,1.011521845,1.001580838,1.011881065,0.981440885,1.042064689,
1984,AL,LOT,LOT,Lotte Giants,Gudeok Baseball Stadium,,,,,,,,,11724,,,288,312,336,360,336,312,288,7,7,7,7,7,7,7,1.012327161,0.973453278,0.957117475,1.039609213,0.985701394,0.980952481,1.029480191,0.978397638,0.989629437,0.972025476,1.018282885,1.001079515,
1984,AL,SAM,SAM,Samsung Lions,Daegu Citizen Baseball Stadium,,,,,,,,,10000,,,321,339,356,374,356,339,321,9,9,9,9,9,9,9,0.997969633,0.992926196,1.038617262,1.008269899,0.99898012,1.017335056,1.034886265,1.024245199,1.002011157,1.024211477,1.051938245,0.998872969,
1984,AL,HAI,HAI,Haitai Tigers,Mudeung Baseball Stadium,,,,,,,,,12500,,,321,339,356,374,356,339,321,22,22,22,22,22,22,22,0.998517295,1.073210227,1.031164038,0.973186995,1.011271063,1.044672891,0.979785212,1.018678935,1.00176002,1.061355318,0.9886146,0.985530793,
1984,AL,MBC,MBC,MBC Chungryong,Seoul Sports Complex Baseball Stadium,,,,,,,,,25000,,,328,355,383,410,383,355,328,8,8,8,8,8,8,8,0.990854625,0.949514638,0.975888976,0.934839904,0.999570231,0.949624329,0.936382444,0.931648531,0.998063853,0.935825711,0.959374311,0.929328044,
1985,AL,OB,OB,OB Bears,Dongdaemun Baseball Stadium,,,,,,,,,25000,,,321,334,347,360,347,334,321,6,6,6,6,6,6,6,1.019341234,0.990135591,1.048756506,1.028262188,0.994573958,0.968456045,0.963037585,1.019706513,1.010752055,0.994886101,1.041534797,1.054921283,
1985,AL,SM,SM,Sammi Superstars,Sungui baseball stadium,,,,,,,,,12000,,,298,319,339,360,339,319,298,16,16,16,16,16,16,16,0.987867926,1.024460136,1.003531466,0.998077984,1.011463282,1.035569646,1.003524071,1.014741389,1.000819106,1.011843635,0.97335605,1.03958459,
1985,AL,LOT,LOT,Lotte Giants,Gudeok Baseball Stadium,,,,,,,,,11724,,,288,312,336,360,336,312,288,7,7,7,7,7,7,7,1.010586352,0.972550358,0.943948169,1.044274903,0.985316528,0.981785272,1.043162742,0.981511752,0.988876794,0.97198952,1.009894556,0.99869696,
1985,AL,SAM,SAM,Samsung Lions,Daegu Citizen Baseball Stadium,,,,,,,,,10000,,,321,339,356,374,356,339,321,9,9,9,9,9,9,9,0.996253513,0.992005214,1.024326573,1.012794941,0.998590069,1.018198735,1.048640666,1.02750524,1.001249097,1.024173591,1.043272673,0.996495666,
1985,AL,HAI,HAI,Haitai Tigers,Mudeung Baseball Stadium,,,,,,,,,12500,,,321,339,356,374,356,339,321,22,22,22,22,22,22,22,0.996800234,1.072214778,1.0169759,0.977554587,1.010876214,1.045559779,0.992807279,1.021921258,1.000998151,1.061316058,0.98047067,0.983185244,
1985,AL,MBC,MBC,MBC Chungryong,Seoul Sports Complex Baseball Stadium,,,,,,,,,25000,,,328,355,383,410,383,355,328,8,8,8,8,8,8,8,0.98915074,0.948633922,0.962461386,0.939035397,0.99917995,0.950430524,0.948827657,0.934613848,0.997304795,0.935791094,0.951471254,0.927116257,
1986,AL,BGR,BGR,Bingre Eagles,Hanwha Life Eagles Park,,,,,,,,,10500,,,321,339,356,374,356,339,321,8,8,8,8,8,8,8,1.012083955,0.99264355,0.983066319,1.060345611,0.992679778,0.979774983,1.03854296,1.045718769,1.007233287,1.003904505,1.00618866,1.053762771,
1986,AL,CHB,SM,Cheongbo Pintos,Sungui baseball stadium,,,,,,,,,12000,,,298,319,339,360,339,319,298,16,16,16,16,16,16,16,0.990864147,1.03286044,1.02104897,1.002954786,1.011920488,1.042191389,0.999444612,1.02149624,1.001857945,1.021243576,0.987170095,1.052692668,
1986,AL,LOT,LOT,Lotte Giants,Gudeok Baseball Stadium,,,,,,,,,11724,,,288,312,336,360,336,312,288,7,7,7,7,7,7,7,1.013651478,0.980525016,0.960425596,1.049377432,0.985761915,0.988063101,1.038922147,0.988045403,0.989903237,0.98101922,1.024227161,1.011289488,
1986,AL,SAM,SAM,Samsung Lions,Daegu Citizen Baseball Stadium,,,,,,,,,10000,,,321,339,356,374,356,339,321,9,9,9,9,9,9,9,0.999275168,1.000139396,1.042207074,1.017743653,0.999041457,1.024709403,1.044377802,1.034345057,1.002288382,1.033688077,1.058078987,1.009060437,
1986,AL,HAI,HAI,Haitai Tigers,Mudeung Baseball Stadium,,,,,,,,,12500,,,321,339,356,374,356,339,321,22,22,22,22,22,22,22,0.999823547,1.081006657,1.034728088,0.982331107,1.011333155,1.052245401,0.988771386,1.028723905,1.002037176,1.071175594,0.994385686,0.995582185,
1986,AL,MBC,MBC,MBC Chungryong,Seoul Sports Complex Baseball Stadium,,,,,,,,,25000,,,328,355,383,410,383,355,328,8,8,8,8,8,8,8,0.992150852,0.956412471,0.979261977,0.943623706,0.999631604,0.956507861,0.944970546,0.940835313,0.998339986,0.944484514,0.964974706,0.938806226,
1986,AL,OB,OB,OB Bears,Seoul Sports Complex Baseball Stadium,,,,,,,,,25000,,,328,355,383,410,383,355,328,8,8,8,8,8,8,8,0.992150852,0.956412471,0.979261977,0.943623706,0.999631604,0.956507861,0.944970546,0.940835313,0.998339986,0.944484514,0.964974706,0.938806226,
1987,AL,LOT,LOT,Lotte Giants,Sajik Baseball Stadium,,,,,,,,,30154,,,311,336,362,387,362,336,311,15,15,15,15,15,15,15,1.0109624,1.038680037,1.018082859,1.053539865,1.005514559,1.027744824,1.001662516,1.025797658,1.001075155,1.021027477,0.993916017,1.055918832,
1987,AL,BGR,BGR,Bingre Eagles,Hanwha Life Eagles Park,,,,,,,,,10500,,,321,339,356,374,356,339,321,8,8,8,8,8,8,8,1.012538585,0.983053477,0.9736814,1.059603904,0.989419507,0.973307989,1.045034358,1.039152145,1.005360984,0.997231536,1.01129239,1.045909872,
1987,AL,CHB,SM,Cheongbo Pintos,Sungui baseball stadium,,,,,,,,,12000,,,298,319,339,360,339,319,298,16,16,16,16,16,16,16,0.991309245,1.022881825,1.011301447,1.002253224,1.008597024,1.035312416,1.005691626,1.015081723,0.999995633,1.014455354,0.992177356,1.044847743,
1987,AL,SAM,SAM,Samsung Lions,Daegu Citizen Baseball Stadium,,,,,,,,,10000,,,321,339,356,374,356,339,321,9,9,9,9,9,9,9,0.999724044,0.990476904,1.032257564,1.017031746,0.995760291,1.017945819,1.05090567,1.027849855,1.00042527,1.026817136,1.063445922,1.00154067,
1987,AL,HAI,HAI,Haitai Tigers,Mudeung Baseball Stadium,,,,,,,,,12500,,,321,339,356,374,356,339,321,22,22,22,22,22,22,22,1.000272669,1.070562895,1.024849977,0.981643971,1.00801162,1.045300067,0.994951687,1.022264001,1.000174531,1.064055473,0.999429547,0.988162861,
1987,AL,MBC,MBC,MBC Chungryong,Seoul Sports Complex Baseball Stadium,,,,,,,,,25000,,,328,355,383,410,383,355,328,8,8,8,8,8,8,8,0.992596528,0.947172431,0.969913377,0.942963645,0.9963485,0.950194442,0.950877071,0.934927309,0.996484214,0.938206511,0.969869384,0.931810011,
1987,AL,OB,OB,OB Bears,Seoul Sports Complex Baseball Stadium,,,,,,,,,25000,,,328,355,383,410,383,355,328,8,8,8,8,8,8,8,0.992596528,0.947172431,0.969913377,0.942963645,0.9963485,0.950194442,0.950877071,0.934927309,0.996484214,0.938206511,0.969869384,0.931810011,
1988,AL,LOT,LOT,Lotte Giants,Sajik Baseball Stadium,,,,,,,,,30154,,,311,336,362,387,362,336,311,15,15,15,15,15,15,15,1.01061364,1.036326078,1.019205451,1.052915751,1.006394967,1.027653659,1.000224913,1.028326743,1.001331229,1.02090588,0.992883528,1.055673616,
1988,AL,TAI,SM,Taipyungyang Dolphins,Sungui baseball stadium,,,,,,,,,12000,,,298,319,339,360,339,319,298,15,15,15,15,15,15,15,0.993382112,1.036427763,1.004697991,1.005806272,1.003351072,1.035841508,1.014294762,1.000326023,0.998460839,1.015168188,0.998418337,1.046230711,
1988,AL,BGR,BGR,Bingre Eagles,Hanwha Life Eagles Park,,,,,,,,,10500,,,321,339,356,374,356,339,321,8,8,8,8,8,8,8,1.012189281,0.980825583,0.974755033,1.058976198,0.990285823,0.973221653,1.043534506,1.041714155,1.005618154,0.997112773,1.01024185,1.04566698,
1988,AL,SAM,SAM,Samsung Lions,Daegu Citizen Baseball Stadium,,,,,,,,,10000,,,321,339,356,374,356,339,321,9,9,9,9,9,9,9,0.999379161,0.988232187,1.033395786,1.016429259,0.996632159,1.017855524,1.049397392,1.030383999,1.000681178,1.02669485,1.062341204,1.001308082,
1988,AL,HAI,HAI,Haitai Tigers,Mudeung Baseball Stadium,,,,,,,,,12500,,,321,339,356,374,356,339,321,22,22,22,22,22,22,22,0.999927597,1.068136679,1.02598003,0.981062448,1.008894214,1.045207345,0.993523715,1.024784373,1.000430374,1.063928752,0.998391331,0.98793338,
1988,AL,MBC,MBC,MBC Chungryong,Seoul Sports Complex Baseball Stadium,,,,,,,,,25000,,,328,355,383,410,383,355,328,8,8,8,8,8,8,8,0.992254104,0.945025855,0.970982855,0.942405036,0.997220883,0.950110156,0.949512356,0.937232354,0.996739113,0.938094778,0.968861875,0.931593616,
1988,AL,OB,OB,OB Bears,Seoul Sports Complex Baseball Stadium,,,,,,,,,25000,,,328,355,383,410,383,355,328,8,8,8,8,8,8,8,0.992254104,0.945025855,0.970982855,0.942405036,0.997220883,0.950110156,0.949512356,0.937232354,0.996739113,0.938094778,0.968861875,0.931593616,
1989,AL,LOT,LOT,Lotte Giants,Sajik Baseball Stadium,,,,,,,,,30154,,,311,336,362,387,362,336,311,15,15,15,15,15,15,15,1.009969978,1.03664811,1.016917741,1.056939403,1.005769084,1.028851088,1.002935761,1.029315122,1.000799525,1.018255635,0.993060563,1.064848623,
1989,AL,BGR,BGR,Bingre Eagles,Hanwha Life Eagles Park,,,,,,,,,10500,,,321,339,356,374,356,339,321,8,8,8,8,8,8,8,1.011544616,0.981130369,0.972567097,1.063023009,0.989669958,0.974355657,1.046362734,1.042715402,1.005084174,0.994524294,1.01042198,1.054755018,
1989,AL,SAM,SAM,Samsung Lions,Daegu Citizen Baseball Stadium,,,,,,,,,10000,,,321,339,356,374,356,339,321,9,9,9,9,9,9,9,0.998742654,0.988539274,1.031076224,1.02031348,0.996012347,1.019041535,1.05224151,1.031374356,1.00014982,1.024029577,1.062530623,1.010010591,
1989,AL,HAI,HAI,Haitai Tigers,Mudeung Baseball Stadium,,,,,,,,,12500,,,321,339,356,374,356,339,321,22,22,22,22,22,22,22,0.999290741,1.068468596,1.023677114,0.984811517,1.008266777,1.046425227,0.996216401,1.025769348,0.999899149,1.061166821,0.998569347,0.996519647,
1989,AL,TAI,SM,Taipyungyang Dolphins,Sungui baseball stadium,,,,,,,,,12000,,,298,319,339,360,339,319,298,24,24,24,24,24,24,24,0.997207739,1.03457462,1.018155053,0.982899836,1.007080425,1.028892035,0.998072073,0.994559416,1.001647635,1.030704658,0.997348234,0.99448567,
1989,AL,MBC,MBC,MBC Chungryong,Seoul Sports Complex Baseball Stadium,,,,,,,,,25000,,,328,355,383,410,383,355,328,8,8,8,8,8,8,8,0.991622135,0.945319516,0.968803385,0.946006378,0.996600705,0.95121723,0.952085761,0.938133178,0.996209848,0.935659508,0.969034626,0.939690226,
1989,AL,OB,OB,OB Bears,Seoul Sports Complex Baseball Stadium,,,,,,,,,25000,,,328,355,383,410,383,355,328,8,8,8,8,8,8,8,0.991622135,0.945319516,0.968803385,0.946006378,0.996600705,0.95121723,0.952085761,0.938133178,0.996209848,0.935659508,0.969034626,0.939690226,
1990,AL,LOT,LOT,Lotte Giants,Sajik Baseball Stadium,,,,,,,,,30154,,,311,336,362,387,362,336,311,15,15,15,15,15,15,15,1.009969978,1.03664811,1.016917741,1.056939403,1.005769084,1.028851088,1.002935761,1.029315122,1.000799525,1.018255635,0.993060563,1.064848623,
1990,AL,BGR,BGR,Bingre Eagles,Hanwha Life Eagles Park,,,,,,,,,10500,,,321,339,356,374,356,339,321,8,8,8,8,8,8,8,1.011544616,0.981130369,0.972567097,1.063023009,0.989669958,0.974355657,1.046362734,1.042715402,1.005084174,0.994524294,1.01042198,1.054755018,
1990,AL,SAM,SAM,Samsung Lions,Daegu Citizen Baseball Stadium,,,,,,,,,10000,,,321,339,356,374,356,339,321,9,9,9,9,9,9,9,0.998742654,0.988539274,1.031076224,1.02031348,0.996012347,1.019041535,1.05224151,1.031374356,1.00014982,1.024029577,1.062530623,1.010010591,
1990,AL,HAI,HAI,Haitai Tigers,Mudeung Baseball Stadium,,,,,,,,,12500,,,321,339,356,374,356,339,321,22,22,22,22,22,22,22,0.999290741,1.068468596,1.023677114,0.984811517,1.008266777,1.046425227,0.996216401,1.025769348,0.999899149,1.061166821,0.998569347,0.996519647,
1990,AL,TAI,SM,Taipyungyang Dolphins,Sungui baseball stadium,,,,,,,,,12000,,,298,319,339,360,339,319,298,24,24,24,24,24,24,24,0.997207739,1.03457462,1.018155053,0.982899836,1.007080425,1.028892035,0.998072073,0.994559416,1.001647635,1.030704658,0.997348234,0.99448567,
1990,AL,MBC,MBC,LG Twins,Seoul Sports Complex Baseball Stadium,,,,,,,,,25000,,,328,355,383,410,383,355,328,8,8,8,8,8,8,8,0.991622135,0.945319516,0.968803385,0.946006378,0.996600705,0.95121723,0.952085761,0.938133178,0.996209848,0.935659508,0.969034626,0.939690226,
1990,AL,OB,OB,OB Bears,Seoul Sports Complex Baseball Stadium,,,,,,,,,25000,,,328,355,383,410,383,355,328,8,8,8,8,8,8,8,0.991622135,0.945319516,0.968803385,0.946006378,0.996600705,0.95121723,0.952085761,0.938133178,0.996209848,0.935659508,0.969034626,0.939690226,
1991,AL,LOT,LOT,Lotte Giants,Sajik Baseball Stadium,,,,,,,,,30154,,,311,336,362,387,362,336,311,15,15,15,15,15,15,15,1.007560142,1.039789455,1.009890527,1.051720341,1.007122756,1.031892241,1.006195393,1.027157443,1.000910477,1.021643234,0.985646507,1.056857874,
1991,AL,SBW,SBW,Ssangbangwool Raiders,Jeonju Baseball Stadium,,,,,,,,,10000,,,311,327,344,360,344,327,311,6,6,6,6,6,6,6,1.016702331,0.978787965,1.04837215,1.034565307,0.990578646,0.979308888,0.977249364,1.014673596,0.999223961,0.976711948,1.052261056,1.052528817,
1991,AL,BGR,BGR,Bingre Eagles,Hanwha Life Eagles Park,,,,,,,,,10500,,,321,339,356,374,356,339,321,8,8,8,8,8,8,8,1.009131023,0.984103479,0.965846359,1.057773907,0.991001962,0.977235729,1.049763508,1.040529633,1.0051956,0.997832942,1.002878305,1.046840013,
1991,AL,SAM,SAM,Samsung Lions,Daegu Citizen Baseball Stadium,,,,,,,,,10000,,,321,339,356,374,356,339,321,9,9,9,9,9,9,9,0.996359607,0.991534835,1.023951171,1.015275273,0.997352888,1.022053693,1.05566139,1.02921236,1.000260699,1.027436384,1.054597913,1.002431353,
1991,AL,HAI,HAI,Haitai Tigers,Mudeung Baseball Stadium,,,,,,,,,12500,,,321,339,356,374,356,339,321,22,22,22,22,22,22,22,0.996906386,1.071706366,1.016603191,0.979948615,1.009623811,1.049518327,0.999454195,1.023619102,1.000010001,1.064697179,0.991114163,0.989041647,
1991,AL,TAI,SM,Taipyungyang Dolphins,Sungui baseball stadium,,,,,,,,,12000,,,298,319,339,360,339,319,298,24,24,24,24,24,24,24,0.994828354,1.037709682,1.011119289,0.978046374,1.008435862,1.031933309,1.001315898,0.992474593,1.00175868,1.034133673,0.989902167,0.987022933,
1991,AL,LG,MBC,LG Twins,Seoul Sports Complex Baseball Stadium,,,,,,,,,25000,,,328,355,383,410,383,355,328,8,8,8,8,8,8,8,0.989256078,0.948184109,0.962108656,0.941335092,0.997942037,0.954028907,0.955180126,0.936166637,0.996320291,0.93877232,0.961799945,0.932638681,
1991,AL,OB,OB,OB Bears,Seoul Sports Complex Baseball Stadium,,,,,,,,,25000,,,328,355,383,410,383,355,328,8,8,8,8,8,8,8,0.989256078,0.948184109,0.962108656,0.941335092,0.997942037,0.954028907,0.955180126,0.936166637,0.996320291,0.93877232,0.961799945,0.932638681,
1992,AL,LOT,LOT,Lotte Giants,Sajik Baseball Stadium,,,,,,,,,30154,,,311,336,362,387,362,336,311,15,15,15,15,15,15,15,1.007666305,1.041124257,1.01091344,1.053547864,1.007089624,1.031543652,1.004210797,1.028600725,1.00089411,1.024677097,0.985715734,1.057545065,
1992,AL,SBW,SBW,Ssangbangwool Raiders,Jeonju Baseball Stadium,,,,,,,,,10000,,,311,327,344,360,344,327,311,6,6,6,6,6,6,6,1.016809458,0.980044458,1.049434041,1.036363021,0.990546059,0.978978063,0.97532186,1.016099336,0.999207623,0.979612384,1.052334962,1.053213193,
1992,AL,BGR,BGR,Bingre Eagles,Hanwha Life Eagles Park,,,,,,,,,10500,,,321,339,356,374,356,339,321,8,8,8,8,8,8,8,1.009237351,0.985366796,0.96682466,1.059611949,0.990969361,0.976905604,1.047692978,1.041991705,1.005179164,1.000796098,1.002948743,1.047520689,
1992,AL,SAM,SAM,Samsung Lions,Daegu Citizen Baseball Stadium,,,,,,,,,10000,,,321,339,356,374,356,339,321,9,9,9,9,9,9,9,0.99646459,0.992807692,1.024988326,1.017039468,0.997320078,1.021708428,1.053579228,1.03065853,1.000244344,1.03048745,1.054671983,1.003083154,
1992,AL,HAI,HAI,Haitai Tigers,Mudeung Baseball Stadium,,,,,,,,,12500,,,321,339,356,374,356,339,321,22,22,22,22,22,22,22,0.997011426,1.073082141,1.017632904,0.981651425,1.009590597,1.049163784,0.997482895,1.025057412,0.999993649,1.067858894,0.991183774,0.989684742,
1992,AL,TAI,SM,Taipyungyang Dolphins,Sungui baseball stadium,,,,,,,,,12000,,,298,319,339,360,339,319,298,21,21,21,21,21,21,21,0.994090246,1.028772024,1.004040285,0.965844663,1.008665866,1.034287226,1.015119941,0.98262816,1.00187311,1.013447896,0.989409811,0.982462954,
1992,AL,LG,MBC,LG Twins,Seoul Sports Complex Baseball Stadium,,,,,,,,,25000,,,328,355,383,410,383,355,328,8,8,8,8,8,8,8,0.989360312,0.949401315,0.963083172,0.942970805,0.997909208,0.953706622,0.953296151,0.937482066,0.996304,0.94156009,0.961867497,0.933245102,
1992,AL,OB,OB,OB Bears,Seoul Sports Complex Baseball Stadium,,,,,,,,,25000,,,328,355,383,410,383,355,328,8,8,8,8,8,8,8,0.989360312,0.949401315,0.963083172,0.942970805,0.997909208,0.953706622,0.953296151,0.937482066,0.996304,0.94156009,0.961867497,0.933245102,
1993,AL,LOT,LOT,Lotte Giants,Sajik Baseball Stadium,,,,,,,,,30154,,,311,336,362,387,362,336,311,15,15,15,15,15,15,15,1.007666305,1.041124257,1.01091344,1.053547864,1.007089624,1.031543652,1.004210797,1.028600725,1.00089411,1.024677097,0.985715734,1.057545065,
1993,AL,SBW,SBW,Ssangbangwool Raiders,Jeonju Baseball Stadium,,,,,,,,,10000,,,311,327,344,360,344,327,311,6,6,6,6,6,6,6,1.016809458,0.980044458,1.049434041,1.036363021,0.990546059,0.978978063,0.97532186,1.016099336,0.999207623,0.979612384,1.052334962,1.053213193,
1993,AL,BGR,BGR,Bingre Eagles,Hanwha Life Eagles Park,,,,,,,,,10500,,,321,339,356,374,356,339,321,8,8,8,8,8,8,8,1.009237351,0.985366796,0.96682466,1.059611949,0.990969361,0.976905604,1.047692978,1.041991705,1.005179164,1.000796098,1.002948743,1.047520689,
1993,AL,SAM,SAM,Samsung Lions,Daegu Citizen Baseball Stadium,,,,,,,,,10000,,,321,339,356,374,356,339,321,9,9,9,9,9,9,9,0.99646459,0.992807692,1.024988326,1.017039468,0.997320078,1.021708428,1.053579228,1.03065853,1.000244344,1.03048745,1.054671983,1.003083154,
1993,AL,HAI,HAI,Haitai Tigers,Mudeung Baseball Stadium,,,,,,,,,12500,,,321,339,356,374,356,339,321,22,22,22,22,22,22,22,0.997011426,1.073082141,1.017632904,0.981651425,1.009590597,1.049163784,0.997482895,1.025057412,0.999993649,1.067858894,0.991183774,0.989684742,
1993,AL,TAI,SM,Taipyungyang Dolphins,Sungui baseball stadium,,,,,,,,,12000,,,298,319,339,360,339,319,298,21,21,21,21,21,21,21,0.994090246,1.028772024,1.004040285,0.965844663,1.008665866,1.034287226,1.015119941,0.98262816,1.00187311,1.013447896,0.989409811,0.982462954,
1993,AL,LG,MBC,LG Twins,Seoul Sports Complex Baseball Stadium,,,,,,,,,25000,,,328,355,383,410,383,355,328,8,8,8,8,8,8,8,0.989360312,0.949401315,0.963083172,0.942970805,0.997909208,0.953706622,0.953296151,0.937482066,0.996304,0.94156009,0.961867497,0.933245102,
1993,AL,OB,OB,OB Bears,Seoul Sports Complex Baseball Stadium,,,,,,,,,25000,,,328,355,383,410,383,355,328,8,8,8,8,8,8,8,0.989360312,0.949401315,0.963083172,0.942970805,0.997909208,0.953706622,0.953296151,0.937482066,0.996304,0.94156009,0.961867497,0.933245102,
1994,AL,LOT,LOT,Lotte Giants,Sajik Baseball Stadium,,,,,,,,,30154,,,311,336,362,387,362,336,311,15,15,15,15,15,15,15,1.008284361,1.043941242,1.011705015,1.053493276,1.007808524,1.032408024,1.003065142,1.027983868,1.001299347,1.028519083,0.986457183,1.057668233,
1994,AL,SBW,SBW,Ssangbangwool Raiders,Jeonju Baseball Stadium,,,,,,,,,10000,,,311,327,344,360,344,327,311,6,6,6,6,6,6,6,1.017433122,0.982696178,1.050255778,1.036309323,0.991253148,0.979798387,0.974209163,1.015489976,0.999612177,0.983285402,1.053126521,1.053335856,
1994,AL,HH,BGR,Hanwha Eagles,Hanwha Life Eagles Park,,,,,,,,,10500,,,324,342,359,377,359,342,324,8,8,8,8,8,8,8,1.004949537,0.966387203,0.961317483,1.05997156,0.985966046,0.971020676,1.055624527,1.04616446,1.002347138,0.97455286,0.997685605,1.046710962,
1994,AL,SAM,SAM,Samsung Lions,Daegu Citizen Baseball Stadium,,,,,,,,,10000,,,321,339,356,374,356,339,321,9,9,9,9,9,9,9,0.997075776,0.995493946,1.025790921,1.016986771,0.998032003,1.022564557,1.052377251,1.030040438,1.000649317,1.034351222,1.0554653,1.003199979,
1994,AL,HAI,HAI,Haitai Tigers,Mudeung Baseball Stadium,,,,,,,,,12500,,,321,339,356,374,356,339,321,22,22,22,22,22,22,22,0.997622948,1.075985595,1.018429739,0.981600561,1.010311281,1.05004292,0.996344915,1.02444268,1.000398521,1.071862789,0.991929337,0.989800006,
1994,AL,TAI,SM,Taipyungyang Dolphins,Sungui baseball stadium,,,,,,,,,12000,,,298,319,339,360,339,319,298,21,21,21,21,21,21,21,0.994699975,1.031555587,1.004826478,0.965794619,1.00938589,1.035153896,1.01396184,0.982038873,1.002278743,1.017247779,0.990154039,0.982577377,
1994,AL,LG,MBC,LG Twins,Seoul Sports Complex Baseball Stadium,,,,,,,,,25000,,,328,355,383,410,383,355,328,8,8,8,8,8,8,8,0.989967141,0.951970124,0.963837293,0.942921946,0.998621554,0.95450577,0.952208581,0.936919853,0.996707378,0.945090433,0.962591007,0.933353793,
1994,AL,OB,OB,OB Bears,Seoul Sports Complex Baseball Stadium,,,,,,,,,25000,,,328,355,383,410,383,355,328,8,8,8,8,8,8,8,0.989967141,0.951970124,0.963837293,0.942921946,0.998621554,0.95450577,0.952208581,0.936919853,0.996707378,0.945090433,0.962591007,0.933353793,
1995,AL,LOT,LOT,Lotte Giants,Sajik Baseball Stadium,,,,,,,,,30154,,,311,336,362,387,362,336,311,15,15,15,15,15,15,15,1.008284361,1.043941242,1.011705015,1.053493276,1.007808524,1.032408024,1.003065142,1.027983868,1.001299347,1.028519083,0.986457183,1.057668233,
1995,AL,SBW,SBW,Ssangbangwool Raiders,Jeonju Baseball Stadium,,,,,,,,,10000,,,311,327,344,360,344,327,311,6,6,6,6,6,6,6,1.017433122,0.982696178,1.050255778,1.036309323,0.991253148,0.979798387,0.974209163,1.015489976,0.999612177,0.983285402,1.053126521,1.053335856,
1995,AL,HH,BGR,Hanwha Eagles,Hanwha Life Eagles Park,,,,,,,,,10500,,,324,342,359,377,359,342,324,8,8,8,8,8,8,8,1.004949537,0.966387203,0.961317483,1.05997156,0.985966046,0.971020676,1.055624527,1.04616446,1.002347138,0.97455286,0.997685605,1.046710962,
1995,AL,SAM,SAM,Samsung Lions,Daegu Citizen Baseball Stadium,,,,,,,,,10000,,,321,339,356,374,356,339,321,9,9,9,9,9,9,9,0.997075776,0.995493946,1.025790921,1.016986771,0.998032003,1.022564557,1.052377251,1.030040438,1.000649317,1.034351222,1.0554653,1.003199979,
1995,AL,HAI,HAI,Haitai Tigers,Mudeung Baseball Stadium,,,,,,,,,12500,,,321,339,356,374,356,339,321,22,22,22,22,22,22,22,0.997622948,1.075985595,1.018429739,0.981600561,1.010311281,1.05004292,0.996344915,1.02444268,1.000398521,1.071862789,0.991929337,0.989800006,
1995,AL,TAI,SM,Taipyungyang Dolphins,Sungui baseball stadium,,,,,,,,,12000,,,298,319,339,360,339,319,298,21,21,21,21,21,21,21,0.994699975,1.031555587,1.004826478,0.965794619,1.00938589,1.035153896,1.01396184,0.982038873,1.002278743,1.017247779,0.990154039,0.982577377,
1995,AL,LG,MBC,LG Twins,Seoul Sports Complex Baseball Stadium,,,,,,,,,25000,,,328,355,383,410,383,355,328,8,8,8,8,8,8,8,0.989967141,0.951970124,0.963837293,0.942921946,0.998621554,0.95450577,0.952208581,0.936919853,0.996707378,0.945090433,0.962591007,0.933353793,
1995,AL,OB,OB,OB Bears,Seoul Sports Complex Baseball Stadium,,,,,,,,,25000,,,328,355,383,410,383,355,328,8,8,8,8,8,8,8,0.989967141,0.951970124,0.963837293,0.942921946,0.998621554,0.95450577,0.952208581,0.936919853,0.996707378,0.945090433,0.962591007,0.933353793,
1996,AL,LOT,LOT,Lotte Giants,Sajik Baseball Stadium,,,,,,,,,27500,,,311,336,362,387,362,336,311,15,15,15,15,15,15,15,1.00820016,1.041207482,1.010280417,1.045586021,1.008667825,1.032285993,1.002161472,1.028208373,1.002298154,1.027675766,0.983211838,1.054244734,
1996,AL,SBW,SBW,Ssangbangwool Raiders,Jeonju Baseball Stadium,,,,,,,,,10000,,,311,327,344,360,344,327,311,6,6,6,6,6,6,6,1.017348156,0.9801228,1.048776897,1.028531047,0.992098334,0.979682575,0.97333149,1.015711753,1.0006093,0.982479173,1.049661841,1.049926381,
1996,AL,HH,BGR,Hanwha Eagles,Hanwha Life Eagles Park,,,,,,,,,10500,,,324,342,359,377,359,342,324,8,8,8,8,8,8,8,1.004865614,0.963856533,0.959963837,1.052015681,0.986806724,0.970905902,1.054673506,1.046392936,1.00334699,0.973753792,0.99440332,1.04332293,
1996,AL,HD,SM,Hyundai Unicorns,Sungui baseball stadium,,,,,,,,,12000,,,298,319,339,360,339,319,298,14,14,14,14,14,14,14,0.992963867,1.045109737,1.010858541,1.010533694,1.004292591,1.038133514,1.010889589,0.993761713,0.999445453,1.020475739,0.992496439,1.003401545,
1996,AL,SAM,SAM,Samsung Lions,Daegu Citizen Baseball Stadium,,,,,,,,,10000,,,311,335,359,383,359,335,311,9,9,9,9,9,9,9,0.99931363,0.997581112,1.028164437,1.01741142,0.998015765,1.020287315,1.060795185,1.017009873,0.997500465,1.036000554,1.072712212,1.001842863,
1996,AL,HAI,HAI,Haitai Tigers,Mudeung Baseball Stadium,,,,,,,,,12500,,,321,339,356,374,356,339,321,22,22,22,22,22,22,22,0.997539636,1.07316792,1.016995673,0.974232915,1.011172717,1.049918805,0.9954473,1.024666412,1.00139643,1.070983933,0.988665989,0.986596186,
1996,AL,LG,MBC,LG Twins,Seoul Sports Complex Baseball Stadium,,,,,,,,,24238,,,328,355,383,410,383,355,328,8,8,8,8,8,8,8,0.989884468,0.949477208,0.962480099,0.935844611,0.999473022,0.954392948,0.951350729,0.93712447,0.997701604,0.944315521,0.95942418,0.93033268,
1996,AL,OB,OB,OB Bears,Seoul Sports Complex Baseball Stadium,,,,,,,,,24238,,,328,355,383,410,383,355,328,8,8,8,8,8,8,8,0.989884468,0.949477208,0.962480099,0.935844611,0.999473022,0.954392948,0.951350729,0.93712447,0.997701604,0.944315521,0.95942418,0.93033268,
1997,AL,LOT,LOT,Lotte Giants,Sajik Baseball Stadium,,,,,,,,,27500,,,311,336,362,387,362,336,311,15,15,15,15,15,15,15,1.00820016,1.041207482,1.010280417,1.045586021,1.008667825,1.032285993,1.002161472,1.028208373,1.002298154,1.027675766,0.983211838,1.054244734,
1997,AL,SBW,SBW,Ssangbangwool Raiders,Jeonju Baseball Stadium,,,,,,,,,10000,,,311,327,344,360,344,327,311,6,6,6,6,6,6,6,1.017348156,0.9801228,1.048776897,1.028531047,0.992098334,0.979682575,0.97333149,1.015711753,1.0006093,0.982479173,1.049661841,1.049926381,
1997,AL,HH,BGR,Hanwha Eagles,Hanwha Life Eagles Park,,,,,,,,,10500,,,324,342,359,377,359,342,324,8,8,8,8,8,8,8,1.004865614,0.963856533,0.959963837,1.052015681,0.986806724,0.970905902,1.054673506,1.046392936,1.00334699,0.973753792,0.99440332,1.04332293,
1997,AL,HD,SM,Hyundai Unicorns,Sungui baseball stadium,,,,,,,,,12000,,,298,319,339,360,339,319,298,14,14,14,14,14,14,14,0.992963867,1.045109737,1.010858541,1.010533694,1.004292591,1.038133514,1.010889589,0.993761713,0.999445453,1.020475739,0.992496439,1.003401545,
1997,AL,SAM,SAM,Samsung Lions,Daegu Citizen Baseball Stadium,,,,,,,,,10000,,,311,335,359,383,359,335,311,9,9,9,9,9,9,9,0.99931363,0.997581112,1.028164437,1.01741142,0.998015765,1.020287315,1.060795185,1.017009873,0.997500465,1.036000554,1.072712212,1.001842863,
1997,AL,HAI,HAI,Haitai Tigers,Mudeung Baseball Stadium,,,,,,,,,12500,,,321,339,356,374,356,339,321,22,22,22,22,22,22,22,0.997539636,1.07316792,1.016995673,0.974232915,1.011172717,1.049918805,0.9954473,1.024666412,1.00139643,1.070983933,0.988665989,0.986596186,
1997,AL,LG,MBC,LG Twins,Seoul Sports Complex Baseball Stadium,,,,,,,,,24238,,,328,355,383,410,383,355,328,8,8,8,8,8,8,8,0.989884468,0.949477208,0.962480099,0.935844611,0.999473022,0.954392948,0.951350729,0.93712447,0.997701604,0.944315521,0.95942418,0.93033268,
1997,AL,OB,OB,OB Bears,Seoul Sports Complex Baseball Stadium,,,,,,,,,24238,,,328,355,383,410,383,355,328,8,8,8,8,8,8,8,0.989884468,0.949477208,0.962480099,0.935844611,0.999473022,0.954392948,0.951350729,0.93712447,0.997701604,0.944315521,0.95942418,0.93033268,
1998,AL,LOT,LOT,Lotte Giants,Sajik Baseball Stadium,,,,,,,,,27500,,,311,336,362,387,362,336,311,15,15,15,15,15,15,15,1.00820016,1.041207482,1.010280417,1.045586021,1.008667825,1.032285993,1.002161472,1.028208373,1.002298154,1.027675766,0.983211838,1.054244734,
1998,AL,SBW,SBW,Ssangbangwool Raiders,Jeonju Baseball Stadium,,,,,,,,,10000,,,311,327,344,360,344,327,311,6,6,6,6,6,6,6,1.017348156,0.9801228,1.048776897,1.028531047,0.992098334,0.979682575,0.97333149,1.015711753,1.0006093,0.982479173,1.049661841,1.049926381,
1998,AL,HH,BGR,Hanwha Eagles,Hanwha Life Eagles Park,,,,,,,,,10500,,,324,342,359,377,359,342,324,8,8,8,8,8,8,8,1.004865614,0.963856533,0.959963837,1.052015681,0.986806724,0.970905902,1.054673506,1.046392936,1.00334699,0.973753792,0.99440332,1.04332293,
1998,AL,HD,SM,Hyundai Unicorns,Sungui baseball stadium,,,,,,,,,12000,,,298,319,339,360,339,319,298,14,14,14,14,14,14,14,0.992963867,1.045109737,1.010858541,1.010533694,1.004292591,1.038133514,1.010889589,0.993761713,0.999445453,1.020475739,0.992496439,1.003401545,
1998,AL,SAM,SAM,Samsung Lions,Daegu Citizen Baseball Stadium,,,,,,,,,10000,,,311,335,359,383,359,335,311,9,9,9,9,9,9,9,0.99931363,0.997581112,1.028164437,1.01741142,0.998015765,1.020287315,1.060795185,1.017009873,0.997500465,1.036000554,1.072712212,1.001842863,
1998,AL,HAI,HAI,Haitai Tigers,Mudeung Baseball Stadium,,,,,,,,,12500,,,321,339,356,374,356,339,321,22,22,22,22,22,22,22,0.997539636,1.07316792,1.016995673,0.974232915,1.011172717,1.049918805,0.9954473,1.024666412,1.00139643,1.070983933,0.988665989,0.986596186,
1998,AL,LG,MBC,LG Twins,Seoul Sports Complex Baseball Stadium,,,,,,,,,24238,,,328,355,383,410,383,355,328,8,8,8,8,8,8,8,0.989884468,0.949477208,0.962480099,0.935844611,0.999473022,0.954392948,0.951350729,0.93712447,0.997701604,0.944315521,0.95942418,0.93033268,
1998,AL,OB,OB,OB Bears,Seoul Sports Complex Baseball Stadium,,,,,,,,,24238,,,328,355,383,410,383,355,328,8,8,8,8,8,8,8,0.989884468,0.949477208,0.962480099,0.935844611,0.999473022,0.954392948,0.951350729,0.93712447,0.997701604,0.944315521,0.95942418,0.93033268,
1999,AL,LOT,LOT,Lotte Giants,Sajik Baseball Stadium,,,,,,,,,27500,,,311,336,362,387,362,336,311,15,15,15,15,15,15,15,1.00820016,1.041207482,1.010280417,1.045586021,1.008667825,1.032285993,1.002161472,1.028208373,1.002298154,1.027675766,0.983211838,1.054244734,
1999,AL,SBW,SBW,Ssangbangwool Raiders,Jeonju Baseball Stadium,,,,,,,,,10000,,,311,327,344,360,344,327,311,6,6,6,6,6,6,6,1.017348156,0.9801228,1.048776897,1.028531047,0.992098334,0.979682575,0.97333149,1.015711753,1.0006093,0.982479173,1.049661841,1.049926381,
1999,AL,HH,BGR,Hanwha Eagles,Hanwha Life Eagles Park,,,,,,,,,10500,,,324,342,359,377,359,342,324,8,8,8,8,8,8,8,1.004865614,0.963856533,0.959963837,1.052015681,0.986806724,0.970905902,1.054673506,1.046392936,1.00334699,0.973753792,0.99440332,1.04332293,
1999,AL,HD,SM,Hyundai Unicorns,Sungui baseball stadium,,,,,,,,,12000,,,298,319,339,360,339,319,298,14,14,14,14,14,14,14,0.992963867,1.045109737,1.010858541,1.010533694,1.004292591,1.038133514,1.010889589,0.993761713,0.999445453,1.020475739,0.992496439,1.003401545,
1999,AL,SAM,SAM,Samsung Lions,Daegu Citizen Baseball Stadium,,,,,,,,,10000,,,311,335,359,383,359,335,311,9,9,9,9,9,9,9,0.99931363,0.997581112,1.028164437,1.01741142,0.998015765,1.020287315,1.060795185,1.017009873,0.997500465,1.036000554,1.072712212,1.001842863,
1999,AL,HAI,HAI,Haitai Tigers,Mudeung Baseball Stadium,,,,,,,,,12500,,,321,339,356,374,356,339,321,22,22,22,22,22,22,22,0.997539636,1.07316792,1.016995673,0.974232915,1.011172717,1.049918805,0.9954473,1.024666412,1.00139643,1.070983933,0.988665989,0.986596186,
1999,AL,DOO,OB,Doosan Bears,Seoul Sports Complex Baseball Stadium,,,,,,,,,24238,,,328,355,383,410,383,355,328,8,8,8,8,8,8,8,0.989884468,0.949477208,0.962480099,0.935844611,0.999473022,0.954392948,0.951350729,0.93712447,0.997701604,0.944315521,0.95942418,0.93033268,
1999,AL,LG,MBC,LG Twins,Seoul Sports Complex Baseball Stadium,,,,,,,,,24238,,,328,355,383,410,383,355,328,8,8,8,8,8,8,8,0.989884468,0.949477208,0.962480099,0.935844611,0.999473022,0.954392948,0.951350729,0.93712447,0.997701604,0.944315521,0.95942418,0.93033268,
2000,AL,LOT,LOT,Lotte Giants,Sajik Baseball Stadium,,,,,,,,,27500,,,311,336,362,387,362,336,311,15,15,15,15,15,15,15,1.009744408,1.041656661,1.023828383,1.046103711,1.006888242,1.032110224,0.994498749,1.01997317,1.001228117,1.024670214,0.991774186,1.050276851,
2000,AL,HH,BGR,Hanwha Eagles,Hanwha Life Eagles Park,,,,,,,,,10500,,,324,342,359,377,359,342,324,8,8,8,8,8,8,8,1.006404755,0.964272343,0.972837052,1.052536555,0.985065711,0.970740584,1.046609266,1.038012088,1.002275833,0.970905941,1.00306313,1.039396154,
2000,AL,SK,SK,SK Wyverns,Sungui baseball stadium,,,,,,,,,12000,,,298,319,339,360,339,319,298,16,16,16,16,16,16,16,0.990114931,1.025813175,1.017008701,0.995179065,1.009974919,1.03970996,0.998499043,1.00931808,1.00014843,1.018074643,0.990039271,1.039264917,
2000,AL,HD,SM,Hyundai Unicorns,Suwon kt wiz Park,,,,,,,,,14000,,,311,338,366,393,366,338,311,8,8,8,8,8,8,8,1.011022755,0.996841832,0.962965827,1.040934299,0.997008115,0.979124725,1.031719861,1.048135156,1.006311768,1.002419294,1.000234857,1.036444625,
2000,AL,SAM,SAM,Samsung Lions,Daegu Citizen Baseball Stadium,,,,,,,,,10000,,,311,335,359,383,359,335,311,9,9,9,9,9,9,9,1.000844267,0.998011471,1.04195223,1.01791516,0.996254976,1.02011359,1.052684137,1.008864362,0.996435549,1.032970655,1.082053978,0.998072206,
2000,AL,HAI,HAI,Haitai Tigers,Mudeung Baseball Stadium,,,,,,,,,12500,,,321,339,356,374,356,339,321,22,22,22,22,22,22,22,0.999067556,1.073630888,1.030633691,0.974715277,1.009388715,1.049740033,0.987835914,1.016459577,1.000327355,1.067851721,0.997275835,0.982882913,
2000,AL,DOO,OB,Doosan Bears,Seoul Sports Complex Baseball Stadium,,,,,,,,,24238,,,328,355,383,410,383,355,328,8,8,8,8,8,8,8,0.991400663,0.949886815,0.975387058,0.936307967,0.997709662,0.954230442,0.944076515,0.929618783,0.996636474,0.941553766,0.967779372,0.926831167,
2000,AL,LG,MBC,LG Twins,Seoul Sports Complex Baseball Stadium,,,,,,,,,24238,,,328,355,383,410,383,355,328,8,8,8,8,8,8,8,0.991400663,0.949886815,0.975387058,0.936307967,0.997709662,0.954230442,0.944076515,0.929618783,0.996636474,0.941553766,0.967779372,0.926831167,
2001,AL,KIA,HAI,KIA Tigers,Mudeung Baseball Stadium,,,,,,,,,12500,,,318,342,366,390,366,342,318,10,10,10,10,10,10,10,1.00176077,1.029969521,1.016807894,1.089221041,0.996363615,1.034327935,1.029071707,1.007615196,0.994061401,1.031462526,1.046407007,1.059889507,
2001,AL,LOT,LOT,Lotte Giants,Sajik Baseball Stadium,,,,,,,,,27500,,,311,336,362,387,362,336,311,15,15,15,15,15,15,15,1.009355966,1.048222894,1.025859449,1.029053171,1.008764304,1.034398913,0.988650491,1.021264926,1.002124394,1.030049055,0.98481589,1.038751001,
2001,AL,HH,BGR,Hanwha Eagles,Hanwha Life Eagles Park,,,,,,,,,10500,,,324,342,359,377,359,342,324,8,8,8,8,8,8,8,1.006017598,0.970350772,0.974766962,1.035381164,0.986901112,0.972893187,1.040454566,1.03932669,1.003173049,0.976002555,0.99602563,1.027989709,
2001,AL,SK,SBW,SK Wyverns,Sungui baseball stadium,,,,,,,,,12000,,,298,319,339,360,339,319,298,16,16,16,16,16,16,16,0.98973404,1.032279536,1.019026238,0.978958549,1.011856732,1.042015501,0.992627261,1.010596342,1.001043741,1.023418862,0.983093147,1.027859912,
2001,AL,HD,SM,Hyundai Unicorns,Suwon kt wiz Park,,,,,,,,,14000,,,311,338,366,393,366,338,311,8,8,8,8,8,8,8,1.010633821,1.003125569,0.964876154,1.023968014,0.998865768,0.98129592,1.025652721,1.049462578,1.007212596,1.007681333,0.993217201,1.02507057,
2001,AL,SAM,SAM,Samsung Lions,Daegu Citizen Baseball Stadium,,,,,,,,,10000,,,311,335,359,383,359,335,311,9,9,9,9,9,9,9,1.000459249,1.00430258,1.04401925,1.001324067,0.998111225,1.022375676,1.046493713,1.010142049,0.997327536,1.038393068,1.074462278,0.987119255,
2001,AL,DOO,OB,Doosan Bears,Seoul Sports Complex Baseball Stadium,,,,,,,,,24238,,,328,355,383,410,383,355,328,8,8,8,8,8,8,8,0.991019278,0.955874563,0.977322026,0.921046997,0.999568622,0.956346434,0.93852477,0.930796109,0.997528641,0.9464963,0.960989423,0.916660023,
2001,AL,LG,MBC,LG Twins,Seoul Sports Complex Baseball Stadium,,,,,,,,,24238,,,328,355,383,410,383,355,328,8,8,8,8,8,8,8,0.991019278,0.955874563,0.977322026,0.921046997,0.999568622,0.956346434,0.93852477,0.930796109,0.997528641,0.9464963,0.960989423,0.916660023,
2002,AL,LOT,LOT,Lotte Giants,Sajik Baseball Stadium,,,,,,,,,27500,,,311,336,362,387,362,336,311,15,15,15,15,15,15,15,1.008182781,1.048416906,1.022483492,1.028628458,1.010497354,1.036004807,0.984477555,1.018270699,1.000687024,1.026087837,0.973532469,1.049439394,
2002,AL,HH,BGR,Hanwha Eagles,Hanwha Life Eagles Park,,,,,,,,,10500,,,324,342,359,377,359,342,324,8,8,8,8,8,8,8,1.004848293,0.970530371,0.971559143,1.03495384,0.988596601,0.974403594,1.036062974,1.036279507,1.001734174,0.972249182,0.984613775,1.038567373,
2002,AL,HD,SM,Hyundai Unicorns,Suwon kt wiz Park,,,,,,,,,14000,,,311,338,366,393,366,338,311,8,8,8,8,8,8,8,1.009459151,1.003311233,0.961700884,1.023545401,1.000581813,0.982819372,1.021323604,1.046385679,1.005767928,1.003806134,0.981837523,1.035618197,
2002,AL,KIA,HAI,KIA Tigers,Mudeung Baseball Stadium,,,,,,,,,12500,,,318,335,353,370,353,335,318,10,10,10,10,10,10,10,1.003420816,1.048728622,1.033972372,1.066595124,1.000088876,1.039784343,1.013538468,0.999190926,1.003595752,1.043885228,1.046404231,1.031466556,
2002,AL,SAM,SAM,Samsung Lions,Daegu Citizen Baseball Stadium,,,,,,,,,10000,,,311,335,359,383,359,335,311,9,9,9,9,9,9,9,0.999296404,1.004488463,1.040583531,1.000910799,0.999825974,1.023962904,1.042076631,1.007180433,0.995897047,1.034399762,1.062151744,0.997276376,
2002,AL,SK,SBW,SK Wyverns,Incheon SSG Landers Field,,,,,,,,,23000,,,311,338,366,393,366,338,311,9,9,9,9,9,9,9,0.995057744,1.01242144,1.021488982,1.004032656,0.997837634,1.027362678,1.033393954,1.036558505,1.00012235,1.03385906,1.051502275,0.99544782,
2002,AL,DOO,OB,Doosan Bears,Seoul Sports Complex Baseball Stadium,,,,,,,,,24238,,,328,355,383,410,383,355,328,8,8,8,8,8,8,8,0.989867406,0.956051483,0.974105799,0.920666861,1.001285874,0.957831152,0.934563407,0.928067125,0.996097863,0.942856398,0.949978992,0.926092142,
2002,AL,LG,MBC,LG Twins,Seoul Sports Complex Baseball Stadium,,,,,,,,,24238,,,328,355,383,410,383,355,328,8,8,8,8,8,8,8,0.989867406,0.956051483,0.974105799,0.920666861,1.001285874,0.957831152,0.934563407,0.928067125,0.996097863,0.942856398,0.949978992,0.926092142,
2003,AL,LOT,LOT,Lotte Giants,Sajik Baseball Stadium,,,,,,,,,27500,,,311,336,362,387,362,336,311,15,15,15,15,15,15,15,1.007501819,1.045332335,1.022306462,1.028317513,1.00970537,1.035038985,0.985679684,1.01867259,1.000211497,1.022291229,0.973049721,1.049612656,
2003,AL,HH,BGR,Hanwha Eagles,Hanwha Life Eagles Park,,,,,,,,,10500,,,318,337,355,374,355,337,318,8,8,8,8,8,8,8,1.009573063,0.991211931,0.972776024,1.037059313,0.994091837,0.980953249,1.027559425,1.03353107,1.005059751,0.998252427,0.988092509,1.037418048,
2003,AL,HD,SM,Hyundai Unicorns,Suwon kt wiz Park,,,,,,,,,14000,,,311,338,366,393,366,338,311,8,8,8,8,8,8,8,1.008777327,1.000359369,0.961534378,1.023235992,0.9997976,0.981903132,1.022570726,1.046798666,1.005289987,1.00009197,0.981350657,1.035789177,
2003,AL,KIA,HAI,KIA Tigers,Mudeung Baseball Stadium,,,,,,,,,12500,,,318,335,353,370,353,335,318,10,10,10,10,10,10,10,1.00274307,1.045643134,1.033793353,1.066272702,0.99930505,1.038814997,1.014776083,0.999585286,1.003118843,1.040022768,1.045885349,1.03163685,
2003,AL,SAM,SAM,Samsung Lions,Daegu Citizen Baseball Stadium,,,,,,,,,10000,,,311,335,359,383,359,335,311,9,9,9,9,9,9,9,0.998621445,1.001533135,1.040403368,1.000608233,0.999042353,1.023008308,1.043349093,1.007577946,0.995423796,1.0305724,1.061625052,0.997441025,
2003,AL,SK,SBW,SK Wyverns,Incheon SSG Landers Field,,,,,,,,,23000,,,311,338,366,393,366,338,311,9,9,9,9,9,9,9,0.994385647,1.009442772,1.021312125,1.003729146,0.997055572,1.026404913,1.034655814,1.036967613,0.999647091,1.030033698,1.050980865,0.995612167,
2003,AL,DOO,OB,Doosan Bears,Seoul Sports Complex Baseball Stadium,,,,,,,,,24238,,,328,355,383,410,383,355,328,8,8,8,8,8,8,8,0.989198814,0.953238662,0.973937145,0.920388551,1.000501109,0.956938208,0.935704587,0.928433414,0.995624517,0.939367754,0.949507924,0.926245039,
2003,AL,LG,MBC,LG Twins,Seoul Sports Complex Baseball Stadium,,,,,,,,,24238,,,328,355,383,410,383,355,328,8,8,8,8,8,8,8,0.989198814,0.953238662,0.973937145,0.920388551,1.000501109,0.956938208,0.935704587,0.928433414,0.995624517,0.939367754,0.949507924,0.926245039,
2004,AL,LOT,LOT,Lotte Giants,Sajik Baseball Stadium,,,,,,,,,27500,,,311,336,362,387,362,336,311,15,15,15,15,15,15,15,1.007501819,1.045332335,1.022306462,1.028317513,1.00970537,1.035038985,0.985679684,1.01867259,1.000211497,1.022291229,0.973049721,1.049612656,
2004,AL,HH,BGR,Hanwha Eagles,Hanwha Life Eagles Park,,,,,,,,,10500,,,318,337,355,374,355,337,318,8,8,8,8,8,8,8,1.009573063,0.991211931,0.972776024,1.037059313,0.994091837,0.980953249,1.027559425,1.03353107,1.005059751,0.998252427,0.988092509,1.037418048,
2004,AL,HD,SM,Hyundai Unicorns,Suwon kt wiz Park,,,,,,,,,14000,,,311,338,366,393,366,338,311,8,8,8,8,8,8,8,1.008777327,1.000359369,0.961534378,1.023235992,0.9997976,0.981903132,1.022570726,1.046798666,1.005289987,1.00009197,0.981350657,1.035789177,
2004,AL,KIA,HAI,KIA Tigers,Mudeung Baseball Stadium,,,,,,,,,12500,,,318,335,353,370,353,335,318,10,10,10,10,10,10,10,1.00274307,1.045643134,1.033793353,1.066272702,0.99930505,1.038814997,1.014776083,0.999585286,1.003118843,1.040022768,1.045885349,1.03163685,
2004,AL,SAM,SAM,Samsung Lions,Daegu Citizen Baseball Stadium,,,,,,,,,10000,,,311,335,359,383,359,335,311,9,9,9,9,9,9,9,0.998621445,1.001533135,1.040403368,1.000608233,0.999042353,1.023008308,1.043349093,1.007577946,0.995423796,1.0305724,1.061625052,0.997441025,
2004,AL,SK,SBW,SK Wyverns,Incheon SSG Landers Field,,,,,,,,,23000,,,311,338,366,393,366,338,311,9,9,9,9,9,9,9,0.994385647,1.009442772,1.021312125,1.003729146,0.997055572,1.026404913,1.034655814,1.036967613,0.999647091,1.030033698,1.050980865,0.995612167,
2004,AL,DOO,OB,Doosan Bears,Seoul Sports Complex Baseball Stadium,,,,,,,,,24238,,,328,355,383,410,383,355,328,8,8,8,8,8,8,8,0.989198814,0.953238662,0.973937145,0.920388551,1.000501109,0.956938208,0.935704587,0.928433414,0.995624517,0.939367754,0.949507924,0.926245039,
2004,AL,LG,MBC,LG Twins,Seoul Sports Complex Baseball Stadium,,,,,,,,,24238,,,328,355,383,410,383,355,328,8,8,8,8,8,8,8,0.989198814,0.953238662,0.973937145,0.920388551,1.000501109,0.956938208,0.935704587,0.928433414,0.995624517,0.939367754,0.949507924,0.926245039,
2005,AL,KIA,HAI,KIA Tigers,Mudeung Baseball Stadium,,,,,,,,,12500,,,318,342,366,390,366,342,318,10,10,10,10,10,10,10,1.000273484,1.029511824,1.015890376,1.085434404,0.997543987,1.035465896,1.024544647,1.00437049,0.993524396,1.025787779,1.035455617,1.065732078,
2005,AL,LOT,LOT,Lotte Giants,Sajik Baseball Stadium,,,,,,,,,27500,,,311,336,362,387,362,336,311,15,15,15,15,15,15,15,1.007857403,1.047757086,1.024933764,1.025475706,1.009959367,1.035536953,0.98430125,1.017976266,1.001583033,1.024382085,0.974509094,1.044477047,
2005,AL,HH,BGR,Hanwha Eagles,Hanwha Life Eagles Park,,,,,,,,,10500,,,318,337,355,374,355,337,318,8,8,8,8,8,8,8,1.009929378,0.993511144,0.975276034,1.034193348,0.994341906,0.981425197,1.026122424,1.032824589,1.006437936,1.000294116,0.989574443,1.032342106,
2005,AL,HD,SM,Hyundai Unicorns,Suwon kt wiz Park,,,,,,,,,14000,,,311,338,366,393,366,338,311,8,8,8,8,8,8,8,1.009133361,1.0026798,0.964005497,1.020408228,1.000049104,0.982375536,1.021140701,1.046083116,1.006668487,1.002137422,0.98282248,1.030721205,
2005,AL,SAM,SAM,Samsung Lions,Daegu Citizen Baseball Stadium,,,,,,,,,10000,,,311,335,359,383,359,335,311,9,9,9,9,9,9,9,0.998973894,1.003856289,1.043077178,0.997843002,0.999293668,1.023500488,1.04189001,1.006889206,0.996788767,1.032680192,1.06321727,0.992560685,
2005,AL,SK,SBW,SK Wyverns,Incheon SSG Landers Field,,,,,,,,,23000,,,311,338,366,393,366,338,311,9,9,9,9,9,9,9,0.994736602,1.011784273,1.023936871,1.00095529,0.997306387,1.026898727,1.033208888,1.036258784,1.001017854,1.032140389,1.052557118,0.990740776,
2005,AL,DOO,OB,Doosan Bears,Seoul Sports Complex Baseball Stadium,,,,,,,,,24238,,,328,355,383,410,383,355,328,8,8,8,8,8,8,8,0.989547939,0.955449792,0.976440139,0.917845011,1.000752791,0.957398601,0.934396041,0.927798774,0.996989763,0.941289008,0.950931989,0.921713051,
2005,AL,LG,MBC,LG Twins,Seoul Sports Complex Baseball Stadium,,,,,,,,,24238,,,328,355,383,410,383,355,328,8,8,8,8,8,8,8,0.989547939,0.955449792,0.976440139,0.917845011,1.000752791,0.957398601,0.934396041,0.927798774,0.996989763,0.941289008,0.950931989,0.921713051,
2006,AL,KIA,HAI,KIA Tigers,Mudeung Baseball Stadium,,,,,,,,,12500,,,318,342,366,390,366,342,318,10,10,10,10,10,10,10,1.000273484,1.029511824,1.015890376,1.085434404,0.997543987,1.035465896,1.024544647,1.00437049,0.993524396,1.025787779,1.035455617,1.065732078,
2006,AL,LOT,LOT,Lotte Giants,Sajik Baseball Stadium,,,,,,,,,27500,,,311,336,362,387,362,336,311,15,15,15,15,15,15,15,1.007857403,1.047757086,1.024933764,1.025475706,1.009959367,1.035536953,0.98430125,1.017976266,1.001583033,1.024382085,0.974509094,1.044477047,
2006,AL,HH,BGR,Hanwha Eagles,Hanwha Life Eagles Park,,,,,,,,,10500,,,318,337,355,374,355,337,318,8,8,8,8,8,8,8,1.009929378,0.993511144,0.975276034,1.034193348,0.994341906,0.981425197,1.026122424,1.032824589,1.006437936,1.000294116,0.989574443,1.032342106,
2006,AL,HD,SM,Hyundai Unicorns,Suwon kt wiz Park,,,,,,,,,14000,,,311,338,366,393,366,338,311,8,8,8,8,8,8,8,1.009133361,1.0026798,0.964005497,1.020408228,1.000049104,0.982375536,1.021140701,1.046083116,1.006668487,1.002137422,0.98282248,1.030721205,
2006,AL,SAM,SAM,Samsung Lions,Daegu Citizen Baseball Stadium,,,,,,,,,10000,,,311,335,359,383,359,335,311,9,9,9,9,9,9,9,0.998973894,1.003856289,1.043077178,0.997843002,0.999293668,1.023500488,1.04189001,1.006889206,0.996788767,1.032680192,1.06321727,0.992560685,
2006,AL,SK,SBW,SK Wyverns,Incheon SSG Landers Field,,,,,,,,,23000,,,311,338,366,393,366,338,311,9,9,9,9,9,9,9,0.994736602,1.011784273,1.023936871,1.00095529,0.997306387,1.026898727,1.033208888,1.036258784,1.001017854,1.032140389,1.052557118,0.990740776,
2006,AL,DOO,OB,Doosan Bears,Seoul Sports Complex Baseball Stadium,,,,,,,,,24238,,,328,355,383,410,383,355,328,8,8,8,8,8,8,8,0.989547939,0.955449792,0.976440139,0.917845011,1.000752791,0.957398601,0.934396041,0.927798774,0.996989763,0.941289008,0.950931989,0.921713051,
2006,AL,LG,MBC,LG Twins,Seoul Sports Complex Baseball Stadium,,,,,,,,,24238,,,328,355,383,410,383,355,328,8,8,8,8,8,8,8,0.989547939,0.955449792,0.976440139,0.917845011,1.000752791,0.957398601,0.934396041,0.927798774,0.996989763,0.941289008,0.950931989,0.921713051,
2007,AL,KIA,HAI,KIA Tigers,Mudeung Baseball Stadium,,,,,,,,,12500,,,318,342,366,390,366,342,318,10,10,10,10,10,10,10,1.001960311,1.032951593,1.030115566,1.090133772,0.999061971,1.03976744,1.014640345,1.009745909,0.99192382,1.034917299,1.040252118,1.070683459,
2007,AL,LOT,LOT,Lotte Giants,Sajik Baseball Stadium,,,,,,,,,27500,,,311,336,362,387,362,336,311,15,15,15,15,15,15,15,1.009557019,1.051257815,1.039285585,1.029915483,1.011496244,1.039838792,0.974785983,1.023424503,0.999969475,1.033499094,0.979023275,1.049329678,
2007,AL,HH,BGR,Hanwha Eagles,Hanwha Life Eagles Park,,,,,,,,,10500,,,318,338,357,377,357,338,318,8,8,8,8,8,8,8,1.011491744,0.995928185,0.99128642,1.035784958,0.995305445,0.984963831,1.016994074,1.039803745,1.004816556,1.009412491,0.995059521,1.037727904,
2007,AL,HD,SM,Hyundai Unicorns,Suwon kt wiz Park,,,,,,,,,14000,,,311,338,366,393,366,338,311,8,8,8,8,8,8,8,1.010835129,1.006029919,0.977504159,1.024826066,1.001570901,0.986456531,1.011269305,1.051681782,1.005046736,1.011056454,0.98737517,1.035509926,
2007,AL,SK,SK,SK Wyverns,Incheon SSG Landers Field,,,,,,,,,23000,,,311,338,366,393,366,338,311,9,9,9,9,9,9,9,0.996414092,1.015164811,1.038274734,1.005288906,0.998824009,1.03116468,1.02322083,1.04180487,0.999405206,1.041326447,1.057432838,0.995343748,
2007,AL,SAM,SAM,Samsung Lions,Daegu Citizen Baseball Stadium,,,,,,,,,10000,,,324,349,375,400,375,349,324,9,9,9,9,9,9,9,0.987308348,0.98138346,0.943307697,0.970413207,0.989190114,0.995057054,1.108363046,0.968010432,1.008070997,0.970455239,1.030183169,0.959414642,
2007,AL,DOO,OB,Doosan Bears,Seoul Sports Complex Baseball Stadium,,,,,,,,,24238,,,328,355,383,410,383,355,328,8,8,8,8,8,8,8,0.991216679,0.958642108,0.99011292,0.921818804,1.002275658,0.961375836,0.925363208,0.93276438,0.995383605,0.949666488,0.955336954,0.925995321,
2007,AL,LG,MBC,LG Twins,Seoul Sports Complex Baseball Stadium,,,,,,,,,24238,,,328,355,383,410,383,355,328,8,8,8,8,8,8,8,0.991216679,0.958642108,0.99011292,0.921818804,1.002275658,0.961375836,0.925363208,0.93276438,0.995383605,0.949666488,0.955336954,0.925995321,
2008,AL,KIA,HAI,KIA Tigers,Mudeung Baseball Stadium,,,,,,,,,12500,,,318,342,366,390,366,342,318,10,10,10,10,10,10,10,1.001061056,1.034546574,1.024176273,1.087370997,0.999962102,1.041731887,1.028476694,1.007909263,0.99188089,1.038455145,1.038987306,1.067552878,
2008,AL,WR,WR,Woori Heroes,Mokdong Baseball Stadium,,,,,,,,,14260,,,321,343,365,387,365,343,321,6,6,6,6,6,6,6,1.016967253,0.994326687,1.020333797,1.039624968,0.99471542,0.972666312,0.916768056,1.065769019,1.005349478,0.987381365,0.996801631,1.056461282,
2008,AL,LOT,LOT,Lotte Giants,Sajik Baseball Stadium,,,,,,,,,27500,,,311,336,362,387,362,336,311,15,15,15,15,15,15,15,1.008650947,1.052881063,1.033293421,1.027305322,1.012407577,1.041803374,0.988078849,1.021562977,0.999926196,1.037032091,0.977832909,1.046261534,
2008,AL,HH,BGR,Hanwha Eagles,Hanwha Life Eagles Park,,,,,,,,,10500,,,318,337,355,374,355,337,318,8,8,8,8,8,8,8,1.010724553,0.998369836,0.983230668,1.036038517,0.996752259,0.987364167,1.030060526,1.036463617,1.004773068,1.012646663,0.992949642,1.03410586,
2008,AL,SK,SBW,SK Wyverns,Incheon SSG Landers Field,,,,,,,,,23000,,,311,338,366,393,366,338,311,9,9,9,9,9,9,9,0.995519815,1.016732328,1.032288397,1.002741158,0.999723925,1.033112875,1.037174188,1.039909911,0.999361951,1.044886202,1.056147136,0.992433454,
2008,AL,SAM,SAM,Samsung Lions,Daegu Citizen Baseball Stadium,,,,,,,,,10000,,,324,349,375,400,375,349,324,9,9,9,9,9,9,9,0.986422243,0.982898815,0.937868908,0.967953846,0.99008135,0.99693703,1.123477463,0.966249699,1.008027368,0.973772722,1.028930599,0.956609401,
2008,AL,DOO,OB,Doosan Bears,Seoul Sports Complex Baseball Stadium,,,,,,,,,24238,,,328,355,383,410,383,355,328,8,8,8,8,8,8,8,0.990327066,0.960122348,0.984404268,0.919482597,1.003178684,0.963192177,0.937982111,0.931067757,0.995340525,0.952912906,0.954175388,0.923287795,
2008,AL,LG,MBC,LG Twins,Seoul Sports Complex Baseball Stadium,,,,,,,,,24238,,,328,355,383,410,383,355,328,8,8,8,8,8,8,8,0.990327066,0.960122348,0.984404268,0.919482597,1.003178684,0.963192177,0.937982111,0.931067757,0.995340525,0.952912906,0.954175388,0.923287795,
2009,AL,DOO,OB,Doosan Bears,Seoul Sports Complex Baseball Stadium,,,,,,,,,24238,,,328,351,373,396,373,351,328,6,6,6,6,6,6,6,0.99901704,0.989750226,0.919017868,1.103361735,0.997785749,0.956687608,0.898152141,1.042279178,0.998225228,0.97566893,0.892137195,1.073587915,
2009,AL,LG,MBC,LG Twins,Seoul Sports Complex Baseball Stadium,,,,,,,,,24238,,,328,351,373,396,373,351,328,6,6,6,6,6,6,6,0.99901704,0.989750226,0.919017868,1.103361735,0.997785749,0.956687608,0.898152141,1.042279178,0.998225228,0.97566893,0.892137195,1.073587915,
2009,AL,KIA,HAI,KIA Tigers,Mudeung Baseball Stadium,,,,,,,,,12500,,,318,342,366,390,366,342,318,10,10,10,10,10,10,10,0.998170644,1.024463465,1.046383228,1.022464744,1.001761585,1.043963183,1.041854865,0.971384827,0.990928608,1.030699833,1.060149685,1.015401973,
2009,AL,HEO,SM,Seoul Heroes,Mokdong Baseball Stadium,,,,,,,,,14260,,,321,343,365,387,365,343,321,6,6,6,6,6,6,6,1.014030914,0.984635577,1.042457437,0.977568723,0.996505461,0.974749676,0.928693148,1.027147871,1.004384265,0.980007478,1.017104761,1.004852212,
2009,AL,LOT,LOT,Lotte Giants,Sajik Baseball Stadium,,,,,,,,,27500,,,311,336,362,387,362,336,311,15,15,15,15,15,15,15,1.00573862,1.042619258,1.055698061,0.965984449,1.014229457,1.044034823,1.000931535,0.984543759,0.998966191,1.029287407,0.997749679,0.99515073,
2009,AL,HH,BGR,Hanwha Eagles,Hanwha Life Eagles Park,,,,,,,,,10500,,,318,337,355,374,355,337,318,8,8,8,8,8,8,8,1.00780624,0.988639319,1.00454981,0.974196351,0.998545966,0.989479012,1.043459299,0.998904432,1.003808409,1.005084092,1.013174313,0.983588872,
2009,AL,SK,SBW,SK Wyverns,Incheon SSG Landers Field,,,,,,,,,23000,,,311,338,366,393,366,338,311,9,9,9,9,9,9,9,0.992645403,1.006822843,1.054671245,0.942886544,1.00152298,1.03532571,1.050665493,1.00222584,0.998402487,1.037082863,1.077659032,0.943952199,
2009,AL,SAM,SAM,Samsung Lions,Daegu Citizen Baseball Stadium,,,,,,,,,10000,,,324,349,375,400,375,349,324,9,9,9,9,9,9,9,0.983574099,0.973319085,0.958204482,0.910175721,0.991863052,0.999072379,1.13809138,0.931234914,1.007059584,0.966500467,1.04988814,0.909878184,
2010,AL,KIA,HAI,KIA Tigers,Mudeung Baseball Stadium,,,,,,,,,12500,,,318,342,366,390,366,342,318,10,10,10,10,10,10,10,1.001061056,1.034546574,1.024176273,1.087370997,0.999962102,1.041731887,1.028476694,1.007909263,0.99188089,1.038455145,1.038987306,1.067552878,
2010,AL,NEX,SM,Nexen Heroes,Mokdong Baseball Stadium,,,,,,,,,14260,,,321,343,365,387,365,343,321,6,6,6,6,6,6,6,1.016967253,0.994326687,1.020333797,1.039624968,0.99471542,0.972666312,0.916768056,1.065769019,1.005349478,0.987381365,0.996801631,1.056461282,
2010,AL,LOT,LOT,Lotte Giants,Sajik Baseball Stadium,,,,,,,,,27500,,,311,336,362,387,362,336,311,15,15,15,15,15,15,15,1.008650947,1.052881063,1.033293421,1.027305322,1.012407577,1.041803374,0.988078849,1.021562977,0.999926196,1.037032091,0.977832909,1.046261534,
2010,AL,HH,BGR,Hanwha Eagles,Hanwha Life Eagles Park,,,,,,,,,10398,,,318,337,355,374,355,337,318,8,8,8,8,8,8,8,1.010724553,0.998369836,0.983230668,1.036038517,0.996752259,0.987364167,1.030060526,1.036463617,1.004773068,1.012646663,0.992949642,1.03410586,
2010,AL,SK,SBW,SK Wyverns,Incheon SSG Landers Field,,,,,,,,,23000,,,311,338,366,393,366,338,311,9,9,9,9,9,9,9,0.995519815,1.016732328,1.032288397,1.002741158,0.999723925,1.033112875,1.037174188,1.039909911,0.999361951,1.044886202,1.056147136,0.992433454,
2010,AL,SAM,SAM,Samsung Lions,Daegu Citizen Baseball Stadium,,,,,,,,,10000,,,324,349,375,400,375,349,324,9,9,9,9,9,9,9,0.986422243,0.982898815,0.937868908,0.967953846,0.99008135,0.99693703,1.123477463,0.966249699,1.008027368,0.973772722,1.028930599,0.956609401,
2010,AL,DOO,OB,Doosan Bears,Seoul Sports Complex Baseball Stadium,,,,,,,,,27000,,,328,355,383,410,383,355,328,8,8,8,8,8,8,8,0.990327066,0.960122348,0.984404268,0.919482597,1.003178684,0.963192177,0.937982111,0.931067757,0.995340525,0.952912906,0.954175388,0.923287795,
2010,AL,LG,MBC,LG Twins,Seoul Sports Complex Baseball Stadium,,,,,,,,,27000,,,328,355,383,410,383,355,328,8,8,8,8,8,8,8,0.990327066,0.960122348,0.984404268,0.919482597,1.003178684,0.963192177,0.937982111,0.931067757,0.995340525,0.952912906,0.954175388,0.923287795,
2011,AL,KIA,HAI,KIA Tigers,Mudeung Baseball Stadium,,,,,,,,,12500,,,318,342,366,390,366,342,318,10,10,10,10,10,10,10,1.001353526,1.037908056,1.019692693,1.091754401,0.999433017,1.037335291,1.044890581,1.005954622,0.992724229,1.035045975,1.046170626,1.066939488,
2011,AL,NEX,SM,Nexen Heroes,Mokdong Baseball Stadium,,,,,,,,,10432,,,321,343,365,387,365,343,321,6,6,6,6,6,6,6,1.01726437,0.997557485,1.015867039,1.043815898,0.994189111,0.968561205,0.931399138,1.063702171,1.006204268,0.984139866,1.003693289,1.055854265,
2011,AL,LOT,LOT,Lotte Giants,Sajik Baseball Stadium,,,,,,,,,27500,,,311,336,362,387,362,336,311,15,15,15,15,15,15,15,1.008945635,1.056302118,1.028769929,1.031446589,1.011871908,1.037406476,1.00384801,1.019581857,1.000776375,1.033627593,0.984593422,1.045660377,
2011,AL,HH,BGR,Hanwha Eagles,Hanwha Life Eagles Park,,,,,,,,,10398,,,318,337,355,374,355,337,318,8,8,8,8,8,8,8,1.011019847,1.00161377,0.978926338,1.04021499,0.996224873,0.983197028,1.046499691,1.0344536,1.005627368,1.00932222,0.999814669,1.033511688,
2011,AL,SK,SBW,SK Wyverns,Incheon SSG Landers Field,,,,,,,,,23000,,,311,338,366,393,366,338,311,9,9,9,9,9,9,9,0.995810667,1.020035927,1.027769305,1.006783402,0.999194967,1.028752655,1.053726882,1.037893211,1.000211651,1.04145592,1.063449096,0.991863225,
2011,AL,SAM,SAM,Samsung Lions,Daegu Citizen Baseball Stadium,,,,,,,,,10000,,,324,347,370,393,370,347,324,9,9,9,9,9,9,9,0.984373154,0.960098629,0.968785098,0.939606299,0.993790331,1.026493233,1.013732182,0.979890269,1.002082501,0.996839298,0.98073422,0.960656364,
2011,AL,DOO,OB,Doosan Bears,Seoul Sports Complex Baseball Stadium,,,,,,,,,24238,,,328,355,383,410,383,355,328,8,8,8,8,8,8,8,0.9906164,0.963242008,0.9800948,0.92318921,1.002647897,0.959127056,0.952951758,0.929262135,0.996186805,0.949784564,0.960772338,0.922757296,
2011,AL,LG,MBC,LG Twins,Seoul Sports Complex Baseball Stadium,,,,,,,,,24238,,,328,355,383,410,383,355,328,8,8,8,8,8,8,8,0.9906164,0.963242008,0.9800948,0.92318921,1.002647897,0.959127056,0.952951758,0.929262135,0.996186805,0.949784564,0.960772338,0.922757296,
2012,AL,KIA,HAI,KIA Tigers,Mudeung Baseball Stadium,,,,,,,,,12500,,,318,342,366,390,366,342,318,10,10,10,10,10,10,10,1.001353526,1.037908056,1.019692693,1.091754401,0.999433017,1.037335291,1.044890581,1.005954622,0.992724229,1.035045975,1.046170626,1.066939488,
2012,AL,NEX,SM,Nexen Heroes,Mokdong Baseball Stadium,,,,,,,,,10432,,,321,343,365,387,365,343,321,6,6,6,6,6,6,6,1.01726437,0.997557485,1.015867039,1.043815898,0.994189111,0.968561205,0.931399138,1.063702171,1.006204268,0.984139866,1.003693289,1.055854265,
2012,AL,LOT,LOT,Lotte Giants,Sajik Baseball Stadium,,,,,,,,,28000,,,311,336,362,387,362,336,311,15,15,15,15,15,15,15,1.008945635,1.056302118,1.028769929,1.031446589,1.011871908,1.037406476,1.00384801,1.019581857,1.000776375,1.033627593,0.984593422,1.045660377,
2012,AL,HH,BGR,Hanwha Eagles,Hanwha Life Eagles Park,,,,,,,,,14133,,,318,337,355,374,355,337,318,8,8,8,8,8,8,8,1.011019847,1.00161377,0.978926338,1.04021499,0.996224873,0.983197028,1.046499691,1.0344536,1.005627368,1.00932222,0.999814669,1.033511688,
2012,AL,SK,SBW,SK Wyverns,Incheon SSG Landers Field,,,,,,,,,23000,,,311,338,366,393,366,338,311,9,9,9,9,9,9,9,0.995810667,1.020035927,1.027769305,1.006783402,0.999194967,1.028752655,1.053726882,1.037893211,1.000211651,1.04145592,1.063449096,0.991863225,
2012,AL,SAM,SAM,Samsung Lions,Daegu Citizen Baseball Stadium,,,,,,,,,10000,,,324,347,370,393,370,347,324,9,9,9,9,9,9,9,0.984373154,0.960098629,0.968785098,0.939606299,0.993790331,1.026493233,1.013732182,0.979890269,1.002082501,0.996839298,0.98073422,0.960656364,
2012,AL,DOO,OB,Doosan Bears,Seoul Sports Complex Baseball Stadium,,,,,,,,,27000,,,328,355,383,410,383,355,328,8,8,8,8,8,8,8,0.9906164,0.963242008,0.9800948,0.92318921,1.002647897,0.959127056,0.952951758,0.929262135,0.996186805,0.949784564,0.960772338,0.922757296,
2012,AL,LG,MBC,LG Twins,Seoul Sports Complex Baseball Stadium,,,,,,,,,27000,,,328,355,383,410,383,355,328,8,8,8,8,8,8,8,0.9906164,0.963242008,0.9800948,0.92318921,1.002647897,0.959127056,0.952951758,0.929262135,0.996186805,0.949784564,0.960772338,0.922757296,
2013,AL,NC,NC,NC Dinos,Masan Baseball Stadium,,,,,,,,,14164,,,318,339,359,380,359,339,318,12,12,12,12,12,12,12,0.996986278,1.041441733,0.970545394,1.083080206,0.997912547,1.033718851,1.006043318,1.084079823,0.981416232,1.017517134,0.962447891,1.098140528,
2013,AL,KIA,HAI,KIA Tigers,Mudeung Baseball Stadium,,,,,,,,,12500,,,318,342,366,390,366,342,318,10,10,10,10,10,10,10,1.00201322,1.027980319,0.986267104,1.084233432,0.996378606,1.024147582,1.019051409,0.999153066,0.99348171,1.026990148,1.016196868,1.058551559,
2013,AL,NEX,SM,Nexen Heroes,Mokdong Baseball Stadium,,,,,,,,,10432,,,321,343,365,387,365,343,321,6,6,6,6,6,6,6,1.017934546,0.988015707,0.982566855,1.036625172,0.991150726,0.956247826,0.908366504,1.056510166,1.006972035,0.976480245,0.974936546,1.047553485,
2013,AL,LOT,LOT,Lotte Giants,Sajik Baseball Stadium,,,,,,,,,28000,,,311,336,362,387,362,336,311,15,15,15,15,15,15,15,1.00961033,1.046198439,0.995046787,1.024341074,1.008779482,1.024217862,0.979023782,1.012688163,1.001540001,1.025582806,0.956383908,1.037439738,
2013,AL,HH,BGR,Hanwha Eagles,Hanwha Life Eagles Park,,,,,,,,,13000,,,328,352,376,400,376,352,328,13,13,13,13,13,13,13,1.009429215,1.027112584,1.238532169,1.00507993,1.019716867,1.038683236,1.21240997,0.997469894,1.018874196,1.046213961,1.237928576,0.990139408,
2013,AL,SK,SBW,SK Wyverns,Incheon SSG Landers Field,,,,,,,,,23000,,,311,338,366,393,366,338,311,9,9,9,9,9,9,9,0.996466709,1.01027914,0.994078964,0.999847789,0.996141283,1.015674058,1.027669196,1.030875708,1.000974845,1.033350204,1.032980294,0.984065522,
2013,AL,SAM,SAM,Samsung Lions,Daegu Citizen Baseball Stadium,,,,,,,,,10000,,,324,347,370,393,370,347,324,9,9,9,9,9,9,9,0.985021661,0.950915151,0.937028263,0.933133461,0.990753165,1.013443359,0.988663528,0.973264942,1.002847123,0.989080836,0.952635276,0.953103999,
2013,AL,DOO,OB,Doosan Bears,Seoul Sports Complex Baseball Stadium,,,,,,,,,27000,,,328,355,383,410,383,355,328,8,8,8,8,8,8,8,0.99126902,0.954028463,0.947967232,0.916829467,0.999583661,0.946933613,0.929386147,0.922979119,0.996946928,0.942392333,0.93324532,0.915502881,
2013,AL,LG,MBC,LG Twins,Seoul Sports Complex Baseball Stadium,,,,,,,,,27000,,,328,355,383,410,383,355,328,8,8,8,8,8,8,8,0.99126902,0.954028463,0.947967232,0.916829467,0.999583661,0.946933613,0.929386147,0.922979119,0.996946928,0.942392333,0.93324532,0.915502881,
2014,AL,NC,NC,NC Dinos,Masan Baseball Stadium,,,,,,,,,13700,,,318,339,359,380,359,339,318,12,12,12,12,12,12,12,0.995150696,1.050667767,1.002396533,1.087651211,1.000036449,1.03764559,1.020866771,1.09398239,0.980626071,1.024179824,0.99364255,1.110152971,
2014,AL,NEX,SM,Nexen Heroes,Mokdong Baseball Stadium,,,,,,,,,10432,,,321,343,365,387,365,343,321,6,6,6,6,6,6,6,1.016060396,0.996768445,1.014812511,1.04100012,0.993260236,0.959880278,0.921750746,1.066160897,1.006161298,0.982874226,1.006535985,1.059012562,
2014,AL,KIA,HAI,KIA Tigers,GWANGJU-KIA CHAMPIONS FIELD,,,,,,,,,22000,,,324,348,372,396,372,348,324,8,8,8,8,8,8,8,1.002670205,0.985556137,0.977034324,1.05705294,0.99522887,0.976936142,1.038780579,1.023351793,1.000191914,0.991847403,0.969795767,1.050859513,
2014,AL,LOT,LOT,Lotte Giants,Sajik Baseball Stadium,,,,,,,,,28000,,,311,336,362,387,362,336,311,15,15,15,15,15,15,15,1.007751506,1.055466612,1.027702007,1.028664178,1.010926512,1.02810851,0.993449118,1.021938601,1.000733638,1.03229831,0.987382023,1.048788181,
2014,AL,SK,SBW,SK Wyverns,Incheon SSG Landers Field,,,,,,,,,23000,,,311,338,366,393,366,338,311,9,9,9,9,9,9,9,0.994632084,1.019229107,1.026702422,1.004067522,0.998261415,1.01953225,1.042811293,1.040292281,1.000168937,1.040116569,1.066461034,0.994830111,
2014,AL,SAM,SAM,Samsung Lions,Daegu Citizen Baseball Stadium,,,,,,,,,10000,,,324,347,370,393,370,347,324,9,9,9,9,9,9,9,0.983208108,0.959339218,0.967779444,0.937071634,0.992861829,1.017293078,1.0032309,0.982155266,1.002039707,0.995557326,0.98351189,0.963529903,
2014,AL,DOO,OB,Doosan Bears,Seoul Sports Complex Baseball Stadium,,,,,,,,,25553,,,328,355,383,410,383,355,328,8,8,8,8,8,8,8,0.989443965,0.96248011,0.979077406,0.920698832,1.001711119,0.950530684,0.943080101,0.931410106,0.996144263,0.948563106,0.963493472,0.92551747,
2014,AL,LG,MBC,LG Twins,Seoul Sports Complex Baseball Stadium,,,,,,,,,25553,,,328,355,383,410,383,355,328,8,8,8,8,8,8,8,0.989443965,0.96248011,0.979077406,0.920698832,1.001711119,0.950530684,0.943080101,0.931410106,0.996144263,0.948563106,0.963493472,0.92551747,
2014,AL,HH,BGR,Hanwha Eagles,Hanwha Life Eagles Park,,,,,,,,,13000,,,324,349,375,400,376,352,328,13,13,13,13,13,13,13,1.021639075,1.008012495,1.025417946,1.003094733,1.006002452,1.059542783,1.092950391,0.909298561,1.01778991,1.036000131,1.065683807,0.921791819,
2015,AL,NC,NC,NC Dinos,Masan Baseball Stadium,,,,,,,,,11000,,,318,339,359,380,359,339,318,12,12,12,12,12,12,12,0.99472403,1.048301384,1.000692132,1.07918738,0.999730757,1.033110432,1.018784294,1.094161007,0.98135765,1.02162211,0.994430628,1.104202133,
2015,AL,NEX,SM,Nexen Heroes,Mokdong Baseball Stadium,,,,,,,,,10432,,,321,343,365,387,365,343,321,6,6,6,6,6,6,6,1.015624765,0.994523458,1.013087,1.032899315,0.992956616,0.955685004,0.919870458,1.066334971,1.006911927,0.980419665,1.007334288,1.053335856,
2015,AL,kt,kt,kt Wiz,Suwon kt wiz Park,,,,,,,,,20200,,,321,345,369,393,369,345,321,13,13,13,13,13,13,13,1.003858707,1.020270387,1.015302932,1.070035762,1.002751123,1.039335604,1.018359189,0.998530555,0.993285707,1.022475964,0.992861924,1.048243388,
2015,AL,KIA,HAI,KIA Tigers,GWANGJU-KIA CHAMPIONS FIELD,,,,,,,,,22000,,,324,348,372,396,372,348,324,8,8,8,8,8,8,8,1.002240315,0.983336403,0.975373047,1.048827217,0.994924648,0.972666323,1.036661561,1.023518877,1.00093809,0.989370433,0.970564931,1.045226511,
2015,AL,LOT,LOT,Lotte Giants,Sajik Baseball Stadium,,,,,,,,,27500,,,311,336,362,387,362,336,311,15,15,15,15,15,15,15,1.007319437,1.053089421,1.025954579,1.020659369,1.010617491,1.023615035,0.991422571,1.022105454,1.001480217,1.029720321,0.988165135,1.043166282,
2015,AL,SK,SBW,SK Wyverns,Incheon SSG Landers Field,,,,,,,,,23000,,,311,338,366,393,366,338,311,9,9,9,9,9,9,9,0.99420564,1.016933533,1.024956694,0.996254118,0.997956266,1.015076259,1.040684052,1.040462131,1.000915096,1.037519055,1.067306865,0.989497447,
2015,AL,SAM,SAM,Samsung Lions,Daegu Citizen Baseball Stadium,,,,,,,,,10000,,,324,347,370,393,370,347,324,9,9,9,9,9,9,9,0.982786563,0.957178532,0.966133904,0.929779575,0.992558331,1.012846874,1.001184399,0.982315624,1.002787262,0.993071091,0.984291933,0.95836502,
2015,AL,DOO,OB,Doosan Bears,Seoul Sports Complex Baseball Stadium,,,,,,,,,24238,,,328,355,383,410,383,355,328,8,8,8,8,8,8,8,0.989019746,0.96031235,0.977412655,0.913534182,1.001404916,0.946376273,0.941156303,0.931562179,0.996887419,0.946194232,0.964257637,0.920556348,
2015,AL,LG,MBC,LG Twins,Seoul Sports Complex Baseball Stadium,,,,,,,,,24238,,,328,355,383,410,383,355,328,8,8,8,8,8,8,8,0.989019746,0.96031235,0.977412655,0.913534182,1.001404916,0.946376273,0.941156303,0.931562179,0.996887419,0.946194232,0.964257637,0.920556348,
2015,AL,HH,BGR,Hanwha Eagles,Hanwha Life Eagles Park,,,,,,,,,13000,,,324,349,375,400,376,352,328,13,13,13,13,13,13,13,1.021201052,1.005742183,1.023674401,0.995288899,1.005694937,1.054911921,1.090720871,0.909447024,1.018549214,1.033412897,1.066529022,0.916850668,
2016,AL,NC,NC,NC Dinos,Masan Baseball Stadium,,,,,,,,,11000,,,318,339,359,380,359,339,318,12,12,12,12,12,12,12,0.992420252,1.04933983,0.984679008,1.065498762,0.995342647,1.028967923,1.007682242,1.118136155,0.977941334,1.021091041,0.989898392,1.105927915,
2016,AL,kt,kt,kt Wiz,Suwon kt wiz Park,,,,,,,,,20200,,,321,345,369,393,369,345,321,13,13,13,13,13,13,13,1.001533772,1.021281065,0.999056004,1.056463225,0.998349755,1.035168133,1.00726177,1.020410259,0.989827868,1.021944451,0.988336838,1.049881711,
2016,AL,KIA,HAI,KIA Tigers,GWANGJU-KIA CHAMPIONS FIELD,,,,,,,,,20500,,,324,348,372,396,372,348,324,8,8,8,8,8,8,8,0.999919129,0.984310495,0.95976508,1.035523693,0.990557633,0.968766179,1.025364694,1.045946122,0.997453611,0.98885613,0.966141465,1.046860118,
2016,AL,LOT,LOT,Lotte Giants,Sajik Baseball Stadium,,,,,,,,,26000,,,311,336,362,387,362,336,311,15,15,15,15,15,15,15,1.004986488,1.05413261,1.009537204,1.007713132,1.006181596,1.0195106,0.98061869,1.044501728,0.997993851,1.029185042,0.983661454,1.044796669,
2016,AL,NEX,SM,Nexen Heroes,Gocheok Sky Dome,,,,,,,,,17000,,,324,349,375,400,375,349,324,13,13,13,13,13,13,13,1.013288801,1.00354829,1.061312583,1.027009384,1.003008971,1.035585888,1.069541689,0.931014225,1.015335499,1.017770537,1.066104875,1.005679708,
2016,AL,SAM,SAM,Samsung Lions,Daegu Samsung Lions Parks,,,,,,,,,24000,,,324,349,375,400,375,349,324,11,11,11,11,11,11,11,1.003654185,0.940181066,1.046257222,1.037616415,1.017683891,0.965150133,0.939552284,0.943407185,1.022179632,0.959892632,0.962020465,0.993536082,
2016,AL,SK,SBW,SK Wyverns,Incheon SSG Landers Field,,,,,,,,,23000,,,311,338,366,393,366,338,311,9,9,9,9,9,9,9,0.991903062,1.017940906,1.008555286,0.983617441,0.993575944,1.011006062,1.02934335,1.063260635,0.997430696,1.036979723,1.062442487,0.991043954,
2016,AL,DOO,OB,Doosan Bears,Seoul Sports Complex Baseball Stadium,,,,,,,,,24238,,,328,355,383,410,383,355,328,8,8,8,8,8,8,8,0.986729179,0.961263634,0.96177205,0.901946741,0.997009457,0.942581545,0.93090019,0.951974477,0.993417041,0.945702373,0.959862918,0.921995106,
2016,AL,LG,MBC,LG Twins,Seoul Sports Complex Baseball Stadium,,,,,,,,,24238,,,328,355,383,410,383,355,328,8,8,8,8,8,8,8,0.986729179,0.961263634,0.96177205,0.901946741,0.997009457,0.942581545,0.93090019,0.951974477,0.993417041,0.945702373,0.959862918,0.921995106,
2016,AL,HH,BGR,Hanwha Eagles,Hanwha Life Eagles Park,,,,,,,,,13000,,,324,349,375,400,376,352,328,13,13,13,13,13,13,13,1.018835953,1.00673847,1.007293513,0.982664465,1.001280648,1.050681993,1.0788349,0.929374737,1.015003427,1.032875699,1.061668188,0.918283634,
2017,AL,NC,NC,NC Dinos,Masan Baseball Stadium,,,,,,,,,11000,,,318,339,359,380,359,339,318,12,12,12,12,12,12,12,0.992420252,1.04933983,0.984679008,1.065498762,0.995342647,1.028967923,1.007682242,1.118136155,0.977941334,1.021091041,0.989898392,1.105927915,
2017,AL,kt,kt,kt Wiz,Suwon kt wiz Park,,,,,,,,,22067,,,321,345,369,393,369,345,321,13,13,13,13,13,13,13,1.001533772,1.021281065,0.999056004,1.056463225,0.998349755,1.035168133,1.00726177,1.020410259,0.989827868,1.021944451,0.988336838,1.049881711,
2017,AL,KIA,HAI,KIA Tigers,GWANGJU-KIA CHAMPIONS FIELD,,,,,,,,,20500,,,324,348,372,396,372,348,324,8,8,8,8,8,8,8,0.999919129,0.984310495,0.95976508,1.035523693,0.990557633,0.968766179,1.025364694,1.045946122,0.997453611,0.98885613,0.966141465,1.046860118,
2017,AL,LOT,LOT,Lotte Giants,Sajik Baseball Stadium,,,,,,,,,26000,,,311,336,362,387,362,336,311,15,15,15,15,15,15,15,1.004986488,1.05413261,1.009537204,1.007713132,1.006181596,1.0195106,0.98061869,1.044501728,0.997993851,1.029185042,0.983661454,1.044796669,
2017,AL,NEX,SM,Nexen Heroes,Gocheok Sky Dome,,,,,,,,,17000,,,324,349,375,400,375,349,324,13,13,13,13,13,13,13,1.013288801,1.00354829,1.061312583,1.027009384,1.003008971,1.035585888,1.069541689,0.931014225,1.015335499,1.017770537,1.066104875,1.005679708,
2017,AL,SAM,SAM,Samsung Lions,Daegu Samsung Lions Parks,,,,,,,,,24000,,,324,349,375,400,375,349,324,11,11,11,11,11,11,11,1.003654185,0.940181066,1.046257222,1.037616415,1.017683891,0.965150133,0.939552284,0.943407185,1.022179632,0.959892632,0.962020465,0.993536082,
2017,AL,SK,SBW,SK Wyverns,Incheon SSG Landers Field,,,,,,,,,23000,,,311,338,366,393,366,338,311,9,9,9,9,9,9,9,0.991903062,1.017940906,1.008555286,0.983617441,0.993575944,1.011006062,1.02934335,1.063260635,0.997430696,1.036979723,1.062442487,0.991043954,
2017,AL,DOO,OB,Doosan Bears,Seoul Sports Complex Baseball Stadium,,,,,,,,,25553,,,328,355,383,410,383,355,328,8,8,8,8,8,8,8,0.986729179,0.961263634,0.96177205,0.901946741,0.997009457,0.942581545,0.93090019,0.951974477,0.993417041,0.945702373,0.959862918,0.921995106,
2017,AL,LG,MBC,LG Twins,Seoul Sports Complex Baseball Stadium,,,,,,,,,25553,,,328,355,383,410,383,355,328,8,8,8,8,8,8,8,0.986729179,0.961263634,0.96177205,0.901946741,0.997009457,0.942581545,0.93090019,0.951974477,0.993417041,0.945702373,0.959862918,0.921995106,
2017,AL,HH,BGR,Hanwha Eagles,Hanwha Life Eagles Park,,,,,,,,,13000,,,324,349,375,400,376,352,328,13,13,13,13,13,13,13,1.018835953,1.00673847,1.007293513,0.982664465,1.001280648,1.050681993,1.0788349,0.929374737,1.015003427,1.032875699,1.061668188,0.918283634,
2018,AL,NC,NC,NC Dinos,Masan Baseball Stadium,,,,,,,,,11000,,,318,339,359,380,359,339,318,12,12,12,12,12,12,12,0.992420252,1.04933983,0.984679008,1.065498762,0.995342647,1.028967923,1.007682242,1.118136155,0.977941334,1.021091041,0.989898392,1.105927915,
2018,AL,kt,kt,kt Wiz,Suwon kt wiz Park,,,,,,,,,20800,,,321,345,369,393,369,345,321,13,13,13,13,13,13,13,1.001533772,1.021281065,0.999056004,1.056463225,0.998349755,1.035168133,1.00726177,1.020410259,0.989827868,1.021944451,0.988336838,1.049881711,
2018,AL,KIA,HAI,KIA Tigers,GWANGJU-KIA CHAMPIONS FIELD,,,,,,,,,20500,,,324,348,372,396,372,348,324,8,8,8,8,8,8,8,0.999919129,0.984310495,0.95976508,1.035523693,0.990557633,0.968766179,1.025364694,1.045946122,0.997453611,0.98885613,0.966141465,1.046860118,
2018,AL,LOT,LOT,Lotte Giants,Sajik Baseball Stadium,,,,,,,,,26000,,,311,336,362,387,362,336,311,15,15,15,15,15,15,15,1.004986488,1.05413261,1.009537204,1.007713132,1.006181596,1.0195106,0.98061869,1.044501728,0.997993851,1.029185042,0.983661454,1.044796669,
2018,AL,NEX,SM,Nexen Heroes,Gocheok Sky Dome,,,,,,,,,17000,,,324,349,375,400,375,349,324,13,13,13,13,13,13,13,1.013288801,1.00354829,1.061312583,1.027009384,1.003008971,1.035585888,1.069541689,0.931014225,1.015335499,1.017770537,1.066104875,1.005679708,
2018,AL,SAM,SAM,Samsung Lions,Daegu Samsung Lions Parks,,,,,,,,,24000,,,324,349,375,400,375,349,324,11,11,11,11,11,11,11,1.003654185,0.940181066,1.046257222,1.037616415,1.017683891,0.965150133,0.939552284,0.943407185,1.022179632,0.959892632,0.962020465,0.993536082,
2018,AL,SK,SBW,SK Wyverns,Incheon SSG Landers Field,,,,,,,,,23000,,,311,338,366,393,366,338,311,9,9,9,9,9,9,9,0.991903062,1.017940906,1.008555286,0.983617441,0.993575944,1.011006062,1.02934335,1.063260635,0.997430696,1.036979723,1.062442487,0.991043954,
2018,AL,DOO,OB,Doosan Bears,Seoul Sports Complex Baseball Stadium,,,,,,,,,24238,,,328,355,383,410,383,355,328,8,8,8,8,8,8,8,0.986729179,0.961263634,0.96177205,0.901946741,0.997009457,0.942581545,0.93090019,0.951974477,0.993417041,0.945702373,0.959862918,0.921995106,
2018,AL,LG,MBC,LG Twins,Seoul Sports Complex Baseball Stadium,,,,,,,,,24238,,,328,355,383,410,383,355,328,8,8,8,8,8,8,8,0.986729179,0.961263634,0.96177205,0.901946741,0.997009457,0.942581545,0.93090019,0.951974477,0.993417041,0.945702373,0.959862918,0.921995106,
2018,AL,HH,BGR,Hanwha Eagles,Hanwha Life Eagles Park,,,,,,,,,13000,,,324,349,375,400,376,352,328,13,13,13,13,13,13,13,1.018835953,1.00673847,1.007293513,0.982664465,1.001280648,1.050681993,1.0788349,0.929374737,1.015003427,1.032875699,1.061668188,0.918283634,
2019,AL,kt,kt,kt Wiz,Suwon kt wiz Park,,,,,,,,,20800,,,321,345,369,393,369,345,321,13,13,13,13,13,13,13,0.99894923,1.033761069,0.994144764,1.089392496,0.996656,1.039611407,1.000789547,1.050696669,0.986068191,1.027509576,0.979605252,1.083912882,
2019,AL,KIA,HAI,KIA Tigers,GWANGJU-KIA CHAMPIONS FIELD,,,,,,,,,20500,,,324,348,372,396,372,348,324,8,8,8,8,8,8,8,0.997338753,0.99633872,0.955046989,1.067800292,0.988877098,0.972924434,1.01877615,1.076990452,0.993664969,0.994241068,0.957605967,1.080793346,
2019,AL,LOT,LOT,Lotte Giants,Sajik Baseball Stadium,,,,,,,,,26000,,,311,336,362,387,362,336,311,15,15,15,15,15,15,15,1.002393036,1.067014058,1.004574439,1.039122893,1.004474554,1.023886666,0.974317664,1.075503188,0.994203157,1.034789596,0.974971174,1.078663012,
2019,AL,KIW,SM,Kiwoom Heroes,Gocheok Sky Dome,,,,,,,,,17000,,,324,349,375,400,375,349,324,13,13,13,13,13,13,13,1.010673924,1.015811601,1.056095296,1.059020598,1.001307311,1.040030954,1.062669284,0.958647305,1.011478936,1.023312932,1.056686237,1.038278102,
2019,AL,SAM,SAM,Samsung Lions,Daegu Samsung Lions Parks,,,,,,,,,24000,,,324,349,375,400,375,349,324,11,11,11,11,11,11,11,1.001064171,0.951670032,1.041113946,1.069958243,1.015957334,0.969292866,0.933515133,0.971408096,1.018297073,0.965119846,0.953521374,1.025740849,
2019,AL,SK,SBW,SK Wyverns,Incheon SSG Landers Field,,,,,,,,,23000,,,311,338,366,393,366,338,311,9,9,9,9,9,9,9,0.989343373,1.030380093,1.003597348,1.014276156,0.991890288,1.015345624,1.022729241,1.094818871,0.993642142,1.042626723,1.053056205,1.023167941,
2019,AL,DOO,OB,Doosan Bears,Seoul Sports Complex Baseball Stadium,,,,,,,,,24238,,,328,355,383,410,383,355,328,8,8,8,8,8,8,8,0.984182841,0.973010228,0.957044093,0.930059833,0.995317976,0.946627408,0.924918634,0.980229671,0.989643731,0.950852312,0.951382889,0.951880923,
2019,AL,LG,MBC,LG Twins,Seoul Sports Complex Baseball Stadium,,,,,,,,,24238,,,328,355,383,410,383,355,328,8,8,8,8,8,8,8,0.984182841,0.973010228,0.957044093,0.930059833,0.995317976,0.946627408,0.924918634,0.980229671,0.989643731,0.950852312,0.951382889,0.951880923,
2019,AL,HH,BGR,Hanwha Eagles,Hanwha Life Eagles Park,,,,,,,,,13000,,,324,349,375,400,376,352,328,13,13,13,13,13,13,13,1.016206761,1.019040764,1.002341778,1.013293477,0.99958192,1.055191857,1.07190278,0.956959156,1.011148125,1.038500351,1.052288748,0.948049147,
2019,AL,NC,NC,NC Dinos,Changwon NC Park,,,,,,,,,22112,,,331,354,377,400,377,354,331,10,10,10,10,10,10,10,1.01566507,0.939963208,1.028997254,0.787016178,1.010619544,0.990461376,1.065462933,0.854516922,1.012209945,0.972195285,1.069499265,0.817632876,
2020,AL,kt,kt,kt Wiz,Suwon kt wiz Park,,,,,,,,,20000,,,321,345,369,393,369,345,321,13,13,13,13,13,13,13,0.99894923,1.033761069,0.994144764,1.089392496,0.996656,1.039611407,1.000789547,1.050696669,0.986068191,1.027509576,0.979605252,1.083912882,
2020,AL,KIA,HAI,KIA Tigers,GWANGJU-KIA CHAMPIONS FIELD,,,,,,,,,20500,,,324,348,372,396,372,348,324,8,8,8,8,8,8,8,0.997338753,0.99633872,0.955046989,1.067800292,0.988877098,0.972924434,1.01877615,1.076990452,0.993664969,0.994241068,0.957605967,1.080793346,
2020,AL,LOT,LOT,Lotte Giants,Sajik Baseball Stadium,,,,,,,,,26000,,,311,336,362,387,362,336,311,15,15,15,15,15,15,15,1.002393036,1.067014058,1.004574439,1.039122893,1.004474554,1.023886666,0.974317664,1.075503188,0.994203157,1.034789596,0.974971174,1.078663012,
2020,AL,KIW,SM,Kiwoom Heroes,Gocheok Sky Dome,,,,,,,,,17000,,,324,349,375,400,375,349,324,13,13,13,13,13,13,13,1.010673924,1.015811601,1.056095296,1.059020598,1.001307311,1.040030954,1.062669284,0.958647305,1.011478936,1.023312932,1.056686237,1.038278102,
2020,AL,SAM,SAM,Samsung Lions,Daegu Samsung Lions Parks,,,,,,,,,24000,,,324,349,375,400,375,349,324,11,11,11,11,11,11,11,1.001064171,0.951670032,1.041113946,1.069958243,1.015957334,0.969292866,0.933515133,0.971408096,1.018297073,0.965119846,0.953521374,1.025740849,
2020,AL,SK,SBW,SK Wyverns,Incheon SSG Landers Field,,,,,,,,,23000,,,311,338,366,393,366,338,311,9,9,9,9,9,9,9,0.989343373,1.030380093,1.003597348,1.014276156,0.991890288,1.015345624,1.022729241,1.094818871,0.993642142,1.042626723,1.053056205,1.023167941,
2020,AL,DOO,OB,Doosan Bears,Seoul Sports Complex Baseball Stadium,,,,,,,,,24238,,,328,355,383,410,383,355,328,8,8,8,8,8,8,8,0.984182841,0.973010228,0.957044093,0.930059833,0.995317976,0.946627408,0.924918634,0.980229671,0.989643731,0.950852312,0.951382889,0.951880923,
2020,AL,LG,MBC,LG Twins,Seoul Sports Complex Baseball Stadium,,,,,,,,,24238,,,328,355,383,410,383,355,328,8,8,8,8,8,8,8,0.984182841,0.973010228,0.957044093,0.930059833,0.995317976,0.946627408,0.924918634,0.980229671,0.989643731,0.950852312,0.951382889,0.951880923,
2020,AL,HH,BGR,Hanwha Eagles,Hanwha Life Eagles Park,,,,,,,,,13000,,,324,349,375,400,376,352,328,13,13,13,13,13,13,13,1.016206761,1.019040764,1.002341778,1.013293477,0.99958192,1.055191857,1.07190278,0.956959156,1.011148125,1.038500351,1.052288748,0.948049147,
2020,AL,NC,NC,NC Dinos,Changwon NC Park,,,,,,,,,22112,,,331,354,377,400,377,354,331,10,10,10,10,10,10,10,1.01566507,0.939963208,1.028997254,0.787016178,1.010619544,0.990461376,1.065462933,0.854516922,1.012209945,0.972195285,1.069499265,0.817632876,
2021,AL,kt,kt,kt Wiz,Suwon kt wiz Park,,,,,,,,,20000,,,321,345,369,393,369,345,321,13,13,13,13,13,13,13,0.99894923,1.033761069,0.994144764,1.089392496,0.996656,1.039611407,1.000789547,1.050696669,0.986068191,1.027509576,0.979605252,1.083912882,
2021,AL,KIA,HAI,KIA Tigers,GWANGJU-KIA CHAMPIONS FIELD,,,,,,,,,20500,,,324,348,372,396,372,348,324,8,8,8,8,8,8,8,0.997338753,0.99633872,0.955046989,1.067800292,0.988877098,0.972924434,1.01877615,1.076990452,0.993664969,0.994241068,0.957605967,1.080793346,
2021,AL,LOT,LOT,Lotte Giants,Sajik Baseball Stadium,,,,,,,,,26000,,,311,336,362,387,362,336,311,15,15,15,15,15,15,15,1.002393036,1.067014058,1.004574439,1.039122893,1.004474554,1.023886666,0.974317664,1.075503188,0.994203157,1.034789596,0.974971174,1.078663012,
2021,AL,KIW,SM,Kiwoom Heroes,Gocheok Sky Dome,,,,,,,,,17000,,,324,349,375,400,375,349,324,13,13,13,13,13,13,13,1.010673924,1.015811601,1.056095296,1.059020598,1.001307311,1.040030954,1.062669284,0.958647305,1.011478936,1.023312932,1.056686237,1.038278102,
2021,AL,SAM,SAM,Samsung Lions,Daegu Samsung Lions Parks,,,,,,,,,24000,,,324,349,375,400,375,349,324,11,11,11,11,11,11,11,1.001064171,0.951670032,1.041113946,1.069958243,1.015957334,0.969292866,0.933515133,0.971408096,1.018297073,0.965119846,0.953521374,1.025740849,
2021,AL,SSG,SBW,SK Wyverns,Incheon SSG Landers Field,,,,,,,,,23000,,,311,338,366,393,366,338,311,9,9,9,9,9,9,9,0.989343373,1.030380093,1.003597348,1.014276156,0.991890288,1.015345624,1.022729241,1.094818871,0.993642142,1.042626723,1.053056205,1.023167941,
2021,AL,DOO,OB,Doosan Bears,Seoul Sports Complex Baseball Stadium,,,,,,,,,24238,,,328,355,383,410,383,355,328,8,8,8,8,8,8,8,0.984182841,0.973010228,0.957044093,0.930059833,0.995317976,0.946627408,0.924918634,0.980229671,0.989643731,0.950852312,0.951382889,0.951880923,
2021,AL,LG,MBC,LG Twins,Seoul Sports Complex Baseball Stadium,,,,,,,,,24238,,,328,355,383,410,383,355,328,8,8,8,8,8,8,8,0.984182841,0.973010228,0.957044093,0.930059833,0.995317976,0.946627408,0.924918634,0.980229671,0.989643731,0.950852312,0.951382889,0.951880923,
2021,AL,HH,BGR,Hanwha Eagles,Hanwha Life Eagles Park,,,,,,,,,13000,,,324,349,375,400,376,352,328,13,13,13,13,13,13,13,1.016206761,1.019040764,1.002341778,1.013293477,0.99958192,1.055191857,1.07190278,0.956959156,1.011148125,1.038500351,1.052288748,0.948049147,
2021,AL,NC,NC,NC Dinos,Changwon NC Park,,,,,,,,,22112,,,331,354,377,400,377,354,331,10,10,10,10,10,10,10,1.01566507,0.939963208,1.028997254,0.787016178,1.010619544,0.990461376,1.065462933,0.854516922,1.012209945,0.972195285,1.069499265,0.817632876,
2022,AL,kt,kt,kt Wiz,Suwon kt wiz Park,,,,,,,,,20000,,,321,345,369,393,369,345,321,13,13,13,13,13,13,13,0.999474583,1.037104612,0.997358509,1.094593392,0.996524876,1.040734594,0.996470811,1.053885563,0.985350936,1.029999371,0.979891747,1.087847802,
2022,AL,KIA,HAI,KIA Tigers,GWANGJU-KIA CHAMPIONS FIELD,,,,,,,,,20500,,,324,348,372,396,372,348,324,8,8,8,8,8,8,8,0.997863259,0.999561226,0.958134344,1.072898104,0.988746997,0.973975573,1.014379795,1.080259149,0.992942188,0.996650249,0.957886029,1.084716942,
2022,AL,LOT,LOT,Lotte Giants,Sajik Baseball Stadium,,,,,,,,,22990,,,314,341,369,396,369,341,314,19,19,19,19,19,19,19,0.997661149,1.038121673,0.975495165,0.996342544,1.005658041,1.014188948,1.013266458,1.048417087,1.00075387,1.013065673,0.972331715,1.046275951,
2022,AL,KIW,SM,Kiwoom Heroes,Gocheok Sky Dome,,,,,,,,,17000,,,324,349,375,400,375,349,324,13,13,13,13,13,13,13,1.011205443,1.019097089,1.059509307,1.064076495,1.001175575,1.041154595,1.058083515,0.961556827,1.010743198,1.025792558,1.056995276,1.042047355,
2022,AL,SAM,SAM,Samsung Lions,Daegu Samsung Lions Parks,,,,,,,,,24000,,,324,349,375,400,375,349,324,11,11,11,11,11,11,11,1.001590636,0.954748064,1.044479528,1.075066358,1.01582367,0.970340082,0.929486708,0.974356347,1.017556375,0.967458462,0.953800241,1.029464588,
2022,AL,SSG,SBW,SSG Landers,Incheon SSG Landers Field,,,,,,,,,23000,,,311,338,366,393,366,338,311,9,9,9,9,9,9,9,0.989863673,1.033712701,1.006841651,1.019118438,0.991759791,1.016442595,1.018315827,1.098141677,0.992919378,1.04515315,1.053364182,1.026882339,
2022,AL,DOO,OB,Doosan Bears,Seoul Sports Complex Baseball Stadium,,,,,,,,,25553,,,328,355,383,410,383,355,328,8,8,8,8,8,8,8,0.984700428,0.976157281,0.960137904,0.934500055,0.995187028,0.947650136,0.920927305,0.983204696,0.988923876,0.953156356,0.95166113,0.955336529,
2022,AL,LG,MBC,LG Twins,Seoul Sports Complex Baseball Stadium,,,,,,,,,25553,,,328,355,383,410,383,355,328,8,8,8,8,8,8,8,0.984700428,0.976157281,0.960137904,0.934500055,0.995187028,0.947650136,0.920927305,0.983204696,0.988923876,0.953156356,0.95166113,0.955336529,
2022,AL,HH,BGR,Hanwha Eagles,Hanwha Life Eagles Park,,,,,,,,,13000,,,324,349,375,400,376,352,328,13,13,13,13,13,13,13,1.01674119,1.022336697,1.005582022,1.018131067,0.999450411,1.056331877,1.067277167,0.959863555,1.010412628,1.041016778,1.0525965,0.951490842,
2022,AL,NC,NC,NC Dinos,Changwon NC Park,,,,,,,,,22112,,,331,354,377,400,377,354,331,10,10,10,10,10,10,10,1.016199213,0.943003376,1.032323666,0.790773492,1.010486583,0.991531462,1.060865109,0.857110405,1.011473675,0.974551046,1.06981205,0.820601122,
2023,AL,kt,kt,kt Wiz,Suwon kt wiz Park,,,,,,,,,20000,,,321,345,369,393,369,345,321,13,13,13,13,13,13,13,0.999474583,1.037104612,0.997358509,1.094593392,0.996524876,1.040734594,0.996470811,1.053885563,0.985350936,1.029999371,0.979891747,1.087847802,
2023,AL,KIA,HAI,KIA Tigers,GWANGJU-KIA CHAMPIONS FIELD,,,,,,,,,20500,,,324,348,372,396,372,348,324,8,8,8,8,8,8,8,0.997863259,0.999561226,0.958134344,1.072898104,0.988746997,0.973975573,1.014379795,1.080259149,0.992942188,0.996650249,0.957886029,1.084716942,
2023,AL,LOT,LOT,Lotte Giants,Sajik Baseball Stadium,,,,,,,,,22990,,,314,341,369,396,369,341,314,19,19,19,19,19,19,19,0.997661149,1.038121673,0.975495165,0.996342544,1.005658041,1.014188948,1.013266458,1.048417087,1.00075387,1.013065673,0.972331715,1.046275951,
2023,AL,KIW,SM,Kiwoom Heroes,Gocheok Sky Dome,,,,,,,,,17000,,,324,349,375,400,375,349,324,13,13,13,13,13,13,13,1.011205443,1.019097089,1.059509307,1.064076495,1.001175575,1.041154595,1.058083515,0.961556827,1.010743198,1.025792558,1.056995276,1.042047355,
2023,AL,SAM,SAM,Samsung Lions,Daegu Samsung Lions Parks,,,,,,,,,24000,,,324,349,375,400,375,349,324,11,11,11,11,11,11,11,1.001590636,0.954748064,1.044479528,1.075066358,1.01582367,0.970340082,0.929486708,0.974356347,1.017556375,0.967458462,0.953800241,1.029464588,
2023,AL,SSG,SBW,SSG Landers,Incheon SSG Landers Field,,,,,,,,,23000,,,311,338,366,393,366,338,311,9,9,9,9,9,9,9,0.989863673,1.033712701,1.006841651,1.019118438,0.991759791,1.016442595,1.018315827,1.098141677,0.992919378,1.04515315,1.053364182,1.026882339,
2023,AL,DOO,OB,Doosan Bears,Seoul Sports Complex Baseball Stadium,,,,,,,,,25553,,,328,355,383,410,383,355,328,8,8,8,8,8,8,8,0.984700428,0.976157281,0.960137904,0.934500055,0.995187028,0.947650136,0.920927305,0.983204696,0.988923876,0.953156356,0.95166113,0.955336529,
2023,AL,LG,MBC,LG Twins,Seoul Sports Complex Baseball Stadium,,,,,,,,,25553,,,328,355,383,410,383,355,328,8,8,8,8,8,8,8,0.984700428,0.976157281,0.960137904,0.934500055,0.995187028,0.947650136,0.920927305,0.983204696,0.988923876,0.953156356,0.95166113,0.955336529,
2023,AL,HH,BGR,Hanwha Eagles,Hanwha Life Eagles Park,,,,,,,,,13000,,,324,349,375,400,376,352,328,13,13,13,13,13,13,13,1.01674119,1.022336697,1.005582022,1.018131067,0.999450411,1.056331877,1.067277167,0.959863555,1.010412628,1.041016778,1.0525965,0.951490842,
2023,AL,NC,NC,NC Dinos,Changwon NC Park,,,,,,,,,22112,,,331,354,377,400,377,354,331,10,10,10,10,10,10,10,1.016199213,0.943003376,1.032323666,0.790773492,1.010486583,0.991531462,1.060865109,0.857110405,1.011473675,0.974551046,1.06981205,0.820601122,
2024,AL,kt,kt,kt Wiz,Suwon kt wiz Park,,,,,,,,,20000,,,321,345,369,393,369,345,321,13,13,13,13,13,13,13,0.999474583,1.037104612,0.997358509,1.094593392,0.996524876,1.040734594,0.996470811,1.053885563,0.985350936,1.029999371,0.979891747,1.087847802,
2024,AL,KIA,HAI,KIA Tigers,GWANGJU-KIA CHAMPIONS FIELD,,,,,,,,,20500,,,324,348,372,396,372,348,324,8,8,8,8,8,8,8,0.997863259,0.999561226,0.958134344,1.072898104,0.988746997,0.973975573,1.014379795,1.080259149,0.992942188,0.996650249,0.957886029,1.084716942,
2024,AL,LOT,LOT,Lotte Giants,Sajik Baseball Stadium,,,,,,,,,22990,,,314,341,369,396,369,341,314,19,19,19,19,19,19,19,0.997661149,1.038121673,0.975495165,0.996342544,1.005658041,1.014188948,1.013266458,1.048417087,1.00075387,1.013065673,0.972331715,1.046275951,
2024,AL,KIW,SM,Kiwoom Heroes,Gocheok Sky Dome,,,,,,,,,17000,,,324,349,375,400,375,349,324,13,13,13,13,13,13,13,1.011205443,1.019097089,1.059509307,1.064076495,1.001175575,1.041154595,1.058083515,0.961556827,1.010743198,1.025792558,1.056995276,1.042047355,
2024,AL,SAM,SAM,Samsung Lions,Daegu Samsung Lions Parks,,,,,,,,,24000,,,324,349,375,400,375,349,324,11,11,11,11,11,11,11,1.001590636,0.954748064,1.044479528,1.075066358,1.01582367,0.970340082,0.929486708,0.974356347,1.017556375,0.967458462,0.953800241,1.029464588,
2024,AL,SSG,SBW,SSG Landers,Incheon SSG Landers Field,,,,,,,,,23000,,,311,338,366,393,366,338,311,9,9,9,9,9,9,9,0.989863673,1.033712701,1.006841651,1.019118438,0.991759791,1.016442595,1.018315827,1.098141677,0.992919378,1.04515315,1.053364182,1.026882339,
2024,AL,DOO,OB,Doosan Bears,Seoul Sports Complex Baseball Stadium,,,,,,,,,25553,,,328,355,383,410,383,355,328,8,8,8,8,8,8,8,0.984700428,0.976157281,0.960137904,0.934500055,0.995187028,0.947650136,0.920927305,0.983204696,0.988923876,0.953156356,0.95166113,0.955336529,
2024,AL,LG,MBC,LG Twins,Seoul Sports Complex Baseball Stadium,,,,,,,,,25553,,,328,355,383,410,383,355,328,8,8,8,8,8,8,8,0.984700428,0.976157281,0.960137904,0.934500055,0.995187028,0.947650136,0.920927305,0.983204696,0.988923876,0.953156356,0.95166113,0.955336529,
2024,AL,HH,BGR,Hanwha Eagles,Hanwha Life Eagles Park,,,,,,,,,13000,,,324,349,375,400,376,352,328,13,13,13,13,13,13,13,1.01674119,1.022336697,1.005582022,1.018131067,0.999450411,1.056331877,1.067277167,0.959863555,1.010412628,1.041016778,1.0525965,0.951490842,
2024,AL,NC,NC,NC Dinos,Changwon NC Park,,,,,,,,,22112,,,331,354,377,400,377,354,331,10,10,10,10,10,10,10,1.016199213,0.943003376,1.032323666,0.790773492,1.010486583,0.991531462,1.060865109,0.857110405,1.011473675,0.974551046,1.06981205,0.820601122,
2025,AL,kt,kt,kt Wiz,Suwon kt wiz Park,,,,,,,,,20000,,,321,345,369,393,369,345,321,13,13,13,13,13,13,13,0.999474583,1.037104612,0.997358509,1.094593392,0.996524876,1.040734594,0.996470811,1.053885563,0.985350936,1.029999371,0.979891747,1.087847802,
2025,AL,KIA,HAI,KIA Tigers,GWANGJU-KIA CHAMPIONS FIELD,,,,,,,,,20500,,,324,348,372,396,372,348,324,8,8,8,8,8,8,8,0.997863259,0.999561226,0.958134344,1.072898104,0.988746997,0.973975573,1.014379795,1.080259149,0.992942188,0.996650249,0.957886029,1.084716942,
2025,AL,LOT,LOT,Lotte Giants,Sajik Baseball Stadium,,,,,,,,,22990,,,314,341,369,396,369,341,314,19,19,19,19,19,19,19,0.997661149,1.038121673,0.975495165,0.996342544,1.005658041,1.014188948,1.013266458,1.048417087,1.00075387,1.013065673,0.972331715,1.046275951,
2025,AL,KIW,SM,Kiwoom Heroes,Gocheok Sky Dome,,,,,,,,,17000,,,324,349,375,400,375,349,324,13,13,13,13,13,13,13,1.011205443,1.019097089,1.059509307,1.064076495,1.001175575,1.041154595,1.058083515,0.961556827,1.010743198,1.025792558,1.056995276,1.042047355,
2025,AL,SAM,SAM,Samsung Lions,Daegu Samsung Lions Parks,,,,,,,,,24000,,,324,349,375,400,375,349,324,11,11,11,11,11,11,11,1.001590636,0.954748064,1.044479528,1.075066358,1.01582367,0.970340082,0.929486708,0.974356347,1.017556375,0.967458462,0.953800241,1.029464588,
2025,AL,SSG,SBW,SSG Landers,Incheon SSG Landers Field,,,,,,,,,23000,,,311,338,366,393,366,338,311,9,9,9,9,9,9,9,0.989863673,1.033712701,1.006841651,1.019118438,0.991759791,1.016442595,1.018315827,1.098141677,0.992919378,1.04515315,1.053364182,1.026882339,
2025,AL,DOO,OB,Doosan Bears,Seoul Sports Complex Baseball Stadium,,,,,,,,,25553,,,328,355,383,410,383,355,328,8,8,8,8,8,8,8,0.984700428,0.976157281,0.960137904,0.934500055,0.995187028,0.947650136,0.920927305,0.983204696,0.988923876,0.953156356,0.95166113,0.955336529,
2025,AL,LG,MBC,LG Twins,Seoul Sports Complex Baseball Stadium,,,,,,,,,25553,,,328,355,383,410,383,355,328,8,8,8,8,8,8,8,0.984700428,0.976157281,0.960137904,0.934500055,0.995187028,0.947650136,0.920927305,0.983204696,0.988923876,0.953156356,0.95166113,0.955336529,
2025,AL,NC,NC,NC Dinos,Changwon NC Park,,,,,,,,,22112,,,331,354,377,400,377,354,331,10,10,10,10,10,10,10,1.016199213,0.943003376,1.032323666,0.790773492,1.010486583,0.991531462,1.060865109,0.857110405,1.011473675,0.974551046,1.06981205,0.820601122,
2025,AL,HH,BGR,Hanwha Eagles,Daejeon Hanwha Life Ballpark,,,,,,,,,17000,,,325,351,377,400,367,339,311,8,8,8,8,8,26,26,0.902312845,0.956693429,0.936111165,0.857934272,1.014572354,0.783648982,0.629926493,1.148155212,0.942891886,0.838839626,0.667984354,1.147039474,
